total_population,median_household_income,median_gross_rent,cbsa,year,affordability_index,total_housing_units
72882,40019,693,10140,2010,1.644032389353407,28376
164941,40630,751,10180,2010,2.978365044443101,59857
99763,45563,638,10300,2010,2.5729141255447994,36341
305988,14313,379,10380,2010,0.9791893954339461,108256
702951,46521,702,10420,2010,2.137844074641238,281523
162659,34002,715,10500,2010,2.3025249858231147,60263
116910,42900,762,10540,2010,1.5828309484098264,45489
870832,55796,846,10580,2010,1.8682929553248677,348634
93235,39343,576,10700,2010,2.3810863257165615,35024
892014,47383,748,10740,2010,1.7224835229326638,344800
154120,40017,661,10780,2010,2.3410774958793836,54774
111503,44847,675,10880,2010,2.11638018607183,41724
822141,55630,848,10900,2010,1.6949436488130198,311470
127031,42990,586,11020,2010,2.7178270782120286,52111
251915,46390,682,11100,2010,2.690291446708452,94287
89575,48034,686,11180,2010,2.013013171003316,35851
382964,71490,981,11260,2010,1.8195778518298473,135320
131642,38772,658,11300,2010,2.8204455341031975,50641
187269,36770,628,11340,2010,2.1587023056445367,73794
345290,55880,839,11460,2010,1.953567799333681,132028
118510,36675,607,11500,2010,2.384192097548974,45862
225952,55883,676,11540,2010,2.3128572218117434,88085
422752,42168,730,11700,2010,1.5287359660619413,181239
101429,38751,600,11780,2010,2.249241113353791,38078
78647,36570,572,11980,2010,2.5840936844600333,29810
192738,40391,749,12020,2010,1.680030169980148,64210
5288302,53182,910,12060,2010,2.014623118268704,1879479
274685,52571,993,12100,2010,1.4693828754895544,100096
79978,49136,651,12180,2010,3.1973842364784524,30975
140780,39381,696,12220,2010,1.727523457130661,55073
560293,44477,704,12260,2010,2.348394844438241,206641
122143,44964,681,12300,2010,1.9480656597028319,51225
1728307,55744,919,12420,2010,1.9799776227381098,647500
842207,45524,821,12540,2010,1.8474055709579902,252284
2714183,64812,1048,12580,2010,1.495903665960001,1022553
153849,42964,662,12620,2010,2.0361715931832025,60428
215937,55294,1104,12700,2010,0.996067256615311,93576
804406,48294,756,12940,2010,2.0328589678422175,291692
136072,42921,624,12980,2010,2.773998063953951,52600
107703,45451,556,13020,2010,3.1613524797127877,44064
389068,41291,717,13140,2010,2.9776826930535876,140356
88748,50797,744,13180,2010,2.189392175575911,33256
78904,37982,558,13220,2010,2.619966209129003,31514
201628,49938,826,13380,2010,1.1712642786770473,80288
157894,44680,870,13460,2010,1.1420026726999262,64120
157365,47968,671,13740,2010,1.7776936078883365,65861
251321,45959,652,13780,2010,2.88635784883612,100830
1128978,44216,749,13820,2010,2.0097427391676654,430441
109266,53403,575,13900,2010,2.2394261476423947,44857
161768,40127,750,13980,2010,1.705240428992362,62446
192696,38143,669,14020,2010,1.9153092764502715,74442
169832,59588,702,14060,2010,2.4878311948321206,61576
85554,42729,670,14100,2010,2.0424665009858076,33929
107360,31841,529,14140,2010,2.71663099822238,44395
619694,47237,743,14260,2010,1.817311636050366,225007
4560689,68020,1141,14460,2010,1.2410830541885949,1745690
295166,61859,996,14500,2010,1.168340161066819,119774
127280,39092,622,14540,2010,1.9111158805397717,47972
89658,49506,818,14580,2010,1.298730703624527,35344
91146,44028,650,14660,2010,1.5979061489687931,40153
84065,35897,666,14700,2010,1.7823813376419004,30461
251809,56303,936,14740,2010,1.399882966150916,99150
918714,74831,1233,14860,2010,1.1296507816146706,329091
408054,31736,632,15180,2010,2.8046316366973363,115579
107890,39066,733,15260,2010,2.1584730221855826,43625
1135198,46420,672,15380,2010,2.562670992657102,464581
151528,41058,663,15500,2010,2.0585802245784475,59811
211035,54738,904,15540,2010,1.438818285908949,84093
403238,42365,635,15940,2010,2.2894919517402066,159421
620151,43936,873,15980,2010,1.9582778422573683,233693
98062,41288,658,16020,2010,2.224073489728863,36922
55226,52414,851,16180,2010,1.5984197980711299,20564
75507,51735,760,16220,2010,1.947628738011986,30763
258223,53755,659,16300,2010,2.612620910382686,105963
75487,38643,663,16500,2010,1.3516705202106842,28142
149834,49514,739,16540,2010,1.8088317204521538,57533
234445,45845,742,16580,2010,2.0767025270649238,90783
304571,43922,604,16620,2010,2.938446285243488,125628
667741,48062,890,16700,2010,1.6602160134991057,252574
1764313,50449,787,16740,2010,1.9487604170195219,663300
199776,56808,1043,16820,2010,1.3427940580872,76764
530205,42288,688,16860,2010,1.9843751895058386,208995
92127,48784,642,16940,2010,1.8262170441702457,38389
9474211,57104,913,16980,2010,1.6123135902498764,3415317
220072,41657,862,17020,2010,1.1872398639797535,84629
78090,40811,605,17060,2010,2.318324428368069,27943
2133203,51572,710,17140,2010,2.209930255129077,811494
95616,38866,548,17220,2010,2.778746450960381,37538
274695,42262,740,17300,2010,2.1513218400904464,99039
64771,34910,842,17340,2010,1.1856208629060612,24521
115716,37193,701,17420,2010,1.8832167482226505,43805
2075758,46231,714,17460,2010,2.0998978106078567,840929
71492,15902,391,17620,2010,1.20547403680685,26008
138901,42316,753,17660,2010,1.4415534341732075,55456
230141,35961,795,17780,2010,1.8503631832454566,81720
648943,51683,807,17820,2010,1.6070172213912381,244194
172319,40853,726,17860,2010,1.7472356718180364,67997
770410,45929,763,17900,2010,2.2322586883632476,293357
81141,45435,631,17940,2010,2.252611260244041,31812
292141,36553,756,17980,2010,1.8550400371566251,108930
76855,47192,751,18020,2010,2.268820512146875,31046
1840631,51039,758,18140,2010,2.0800768795827826,707956
146400,61310,892,18180,2010,1.7406570506344323,57224
105761,34208,570,18260,2010,1.9415767987091177,41145
63025,35955,643,18300,2010,1.2471736174539534,25723
98930,45995,612,18500,2010,3.5513609463013394,41052
428217,41994,794,18580,2010,2.5577901403848324,154206
85575,45913,730,18700,2010,1.1955297068968946,32888
180728,51529,991,18880,2010,1.8991019306673986,70407
80459,35786,585,18980,2010,2.7408728694249667,29666
103239,34847,591,19060,2010,1.875597899593344,40076
6402922,54449,855,19100,2010,2.412331893998285,2274493
142493,39476,689,19140,2010,2.2482379045301917,48349
81551,38167,608,19180,2010,3.4367765169524307,31332
106416,35964,557,19260,2010,2.5093405485756834,45278
183195,47502,832,19300,2010,1.7974115429583821,68096
382382,46310,636,19340,2010,2.4607768447238576,154889
841310,43832,705,19380,2010,2.3253944685471195,342919
153968,42172,586,19460,2010,2.3320192871959025,57902
110715,40919,618,19500,2010,2.9701427141661694,45624
494527,41556,876,19660,2010,1.8265414128575148,190757
2560529,58732,879,19740,2010,1.591516877112692,1001253
570358,54685,718,19780,2010,2.3988629098598357,223767
4291843,48198,793,19820,2010,2.5816872148818946,1655395
146010,38638,610,20020,2010,2.3111303157000314,58581
162912,54617,959,20100,2010,1.7649571568576334,54896
81562,36331,543,20180,2010,2.6661617305674348,31050
93880,49776,629,20220,2010,2.2097049500521613,37177
280035,42083,630,20260,2010,1.9692084461559234,121010
115733,39584,795,20380,2010,1.866691298959039,38631
505933,47982,787,20500,2010,1.6827505163449896,198793
107800,35909,560,20620,2010,2.5979971351390607,42506
169896,54549,1027,20700,2010,1.7967427359386008,58234
161443,44086,614,20740,2010,1.9916070871324194,63436
175234,41802,733,20940,2010,1.807546211563075,48206
122347,42363,646,21060,2010,2.0634578280490254,44911
197646,41748,669,21140,2010,2.2043030772221077,67959
88824,47643,624,21300,2010,3.4469458216444417,35534
804338,36015,666,21340,2010,2.2179469046832394,248770
100462,40886,587,21460,2010,2.6246551966748766,38206
280686,42519,626,21500,2010,2.4112384606727164,109388
351983,40276,773,21660,2010,1.1698977498444956,144923
134794,38492,810,21700,2010,0.8721083399501858,54980
357948,44319,646,21780,2010,2.5392486186045375,142984
98314,60785,1124,21820,2010,1.9087367201364644,37413
70629,18966,385,21940,2010,1.2234054525186022,26293
209144,50088,616,22020,2010,2.1588336966798476,86373
65498,33428,547,22100,2010,2.216354974216546,24466
130145,45127,742,22140,2010,1.962784793850167,41703
367733,43458,823,22180,2010,2.2711955984263557,133054
465780,45101,675,22220,2010,2.054172128338046,170006
74727,50150,686,22300,2010,2.5392767435637333,30198
134651,42130,958,22380,2010,1.2007205384321247,44276
424926,38819,681,22420,2010,2.748841552355794,166539
205705,37590,600,22500,2010,2.4848877817416386,79218
147112,37638,595,22520,2010,2.337339524125022,60910
101665,49718,638,22540,2010,2.242994154376899,40736
67772,35442,596,22580,2010,2.460038903924222,26818
300637,54154,894,22660,2010,1.4573869867503364,117812
71151,35967,502,22840,2010,2.7674597291878618,25738
299749,37992,589,22900,2010,2.536626950542739,112468
415013,47004,610,23060,2010,2.766835745337876,160275
70753,45939,645,23180,2010,2.172528744051845,28939
933248,45221,825,23420,2010,1.417999946934119,284690
104462,35897,609,23460,2010,2.6084577482174813,39731
266321,40274,883,23540,2010,1.5730434762125827,100329
180253,47002,806,23580,2010,1.7341776279057963,60969
69183,39110,573,23660,2010,3.2780507606253777,28599
71797,29369,468,23700,2010,3.218700496705536,17100
101485,55652,791,23900,2010,1.8258531289634443,37831
128985,50936,764,24020,2010,1.985993218432165,52974
122907,40787,621,24140,2010,2.5423716948367234,47759
99586,46057,639,24220,2010,2.176564394411975,39993
72905,46479,623,24260,2010,2.958047073555912,28448
146313,46231,834,24300,2010,1.4034396757001029,57311
774540,47040,698,24340,2010,2.291269651144304,292388
82807,36626,690,24420,2010,1.1133813142038402,34099
81519,41871,582,24500,2010,1.7624930186466536,33053
254270,51956,725,24540,2010,1.8970021643015509,89056
306730,49016,659,24580,2010,2.068477134057943,121806
68797,35196,506,24620,2010,2.242108429866679,28162
725282,41120,680,24660,2010,1.9418741445269911,282554
190201,39664,680,24780,2010,2.095928242992401,70345
638576,42640,692,24860,2010,1.992473975195784,241533
69703,30808,583,24940,2010,1.956964756770229,26100
84040,18991,347,25020,2010,1.3680472205506036,31192
250196,41875,822,25060,2010,1.9649950591315972,93746
267239,50529,710,25180,2010,1.7134567065358626,101783
121425,37390,693,25220,2010,2.0092258963990597,43228
153174,44609,824,25260,2010,1.610222082072127,40818
550076,54009,788,25420,2010,2.140885347507316,221667
125454,45188,738,25500,2010,1.5047730983403202,43840
1212956,63104,919,25540,2010,1.6278990502562238,472161
146199,38538,701,25620,2010,1.9891059531057058,53532
71066,52114,663,25740,2010,1.6865260321002002,28653
365397,39381,623,25860,2010,2.21443724167213,140327
185406,47100,972,25900,2010,0.9725611758610565,62584
187928,52496,944,25940,2010,1.4025706637908264,72570
74778,37536,890,25980,2010,2.0057487212760003,26902
264055,53056,718,26100,2010,2.2662347425540936,91334
141129,35459,749,26140,2010,1.9706172839252845,60229
955775,68537,1363,26180,2010,0.814787693257405,309154
96145,36482,682,26300,2010,1.8154866053495797,38369
208189,48185,685,26380,2010,2.5182373765514736,73829
5977092,53942,846,26420,2010,2.552815199137395,2022402
287611,36022,570,26580,2010,2.5081347835981105,113825
419181,52384,689,26620,2010,2.16266929548718,160762
68185,35806,711,26660,2010,1.8199024207824523,20670
65741,41946,610,26740,2010,3.257603715839662,26095
132610,50113,647,26820,2010,2.11745259456223,43751
88847,41162,562,26860,2010,2.5396139260595736,34310
1759229,48867,746,26900,2010,2.2675466220015617,669860
152918,48425,807,26980,2010,1.8219902778407757,61883
101620,52064,890,27060,2010,2.069943560250077,37812
160201,42862,658,27100,2010,2.449451634700349,58388
540140,42501,779,27140,2010,2.2090528718946767,197941
114241,40464,701,27180,2010,2.4095376266812925,39618
1350198,50324,908,27260,2010,1.9621313555124131,503541
179471,41787,938,27340,2010,1.8612494679706844,60242
134768,40443,557,27460,2010,3.1967654722989196,55362
160310,46758,698,27500,2010,2.274208856639247,62555
149872,51742,590,27620,2010,2.5748837216709046,56355
198974,36791,596,27740,2010,1.9137598969671554,82383
143498,41220,550,27780,2010,3.1863663621321967,59030
120365,35526,597,27860,2010,2.254509135429298,46614
175887,38448,592,27900,2010,2.6411739565485925,66336
155170,60617,1287,27980,2010,0.6764603636346606,51893
326924,43634,683,28020,2010,2.082737784927688,127035
90901,41854,657,28060,2010,1.226965980140119,36709
113502,44784,707,28100,2010,1.8946862789893912,42046
2035747,53919,766,28140,2010,2.2568035311259216,785477
67226,55246,1096,28180,2010,0.731278179743635,22147
77049,48030,914,28300,2010,1.5247376876827332,29931
255678,56407,717,28420,2010,2.225350071618732,86626
73269,50619,1357,28580,2010,0.8695384057618721,29822
408366,49778,810,28660,2010,2.937910006867052,131062
310695,34741,553,28700,2010,1.9436834679197053,130117
182435,51301,979,28740,2010,1.4589772812810138,68581
64723,37660,695,28900,2010,1.5348203390561648,27582
699180,43114,690,28940,2010,1.897524662722018,285762
100485,41180,604,29020,2010,2.749481412490787,40775
133896,47696,660,29100,2010,2.0978011197601494,53627
202782,40577,724,29140,2010,2.184008263890697,76945
274265,46730,687,29180,2010,2.085599722338423,103181
67187,41477,681,29300,2010,2.0381804622197643,24697
198628,40194,726,29340,2010,2.2412397166814824,75197
67597,32488,713,29380,2010,1.8222229953890268,25705
200181,36456,762,29420,2010,1.697557011979868,82166
602788,41174,828,29460,2010,2.3035958408832777,221073
520156,51740,822,29540,2010,1.8397204031978303,194028
76889,35634,592,29580,2010,1.6152592172309936,29862
464076,47731,760,29620,2010,2.3541827399091457,178797
251632,35770,677,29700,2010,2.168783671158201,66716
210538,35230,641,29740,2010,1.6123014896695549,73614
1954260,51437,986,29820,2010,2.014959421113884,698955
82589,35438,580,29860,2010,3.307242034058878,31467
111130,47263,820,29940,2010,1.6787399968332248,43385
125368,43817,663,30020,2010,2.5566514400706017,46141
174690,50134,841,30100,2010,1.6327576015312872,70768
133688,51436,692,30140,2010,2.0734297286463486,50701
60946,39959,636,30300,2010,1.5924775740388784,25143
107623,41190,640,30340,2010,1.732732820889421,43918
473547,46257,696,30460,2010,1.945885459963145,190535
105786,88444,1207,30500,2010,1.967077876364232,37051
106205,41057,642,30620,2010,2.482564868060302,40615
303151,50091,685,30700,2010,2.252197568592412,120407
78450,42456,627,30740,2010,1.8550867265346291,29404
701713,45991,731,30780,2010,2.3093880642116362,272455
125791,46215,581,30860,2010,1.6467828590186453,40170
214602,41842,726,30980,2010,2.678284405870169,76660
102501,41054,691,31020,2010,1.408643966537354,40475
12849383,56691,1196,31100,2010,0.828589666123774,4188650
1287271,44678,671,31140,2010,2.010174004054086,510653
288462,42126,757,31180,2010,2.601499613906481,107367
86953,37775,673,31260,2010,2.9682714015586713,31735
134473,29453,559,31300,2010,3.09065692351256,43237
251016,41248,679,31340,2010,1.7428747953725152,96553
227880,37507,684,31420,2010,1.919536308313645,82543
151408,48268,877,31460,2010,1.5773826707573984,42189
569923,57594,824,31540,2010,1.7132636899636227,235533
401057,68312,1019,31700,2010,1.7704754576777226,152652
127880,46150,811,31740,2010,2.0778059089967074,45851
81349,47298,533,31820,2010,2.529412856532712,34575
96878,51127,721,31860,2010,2.0785780829777756,36886
124177,41572,573,31900,2010,2.6059293731785993,47654
66547,38506,509,31940,2010,2.395708218362043,29731
69975,34716,553,31980,2010,2.988709513869221,26767
66482,38824,669,32020,2010,2.7288956435425322,25438
66369,43709,575,32060,2010,3.2253593437783263,25953
67131,44684,557,32100,2010,2.363069446966606,27094
65766,47801,652,32220,2010,2.769708914763925,22875
74793,43319,578,32270,2010,2.3278324847849925,32098
65465,31492,581,32300,2010,2.3212760969775355,27660
105538,15864,361,32420,2010,1.1245527570060436,39696
780087,33732,608,32580,2010,2.7956386109800366,212743
88657,38321,547,32740,2010,2.4815123783669257,35203
203462,40177,818,32780,2010,1.1334245071021205,81508
1316579,45377,793,32820,2010,2.1799890192893856,474304
256778,42449,807,32900,2010,1.9360306782540613,73885
109828,29244,561,32940,2010,2.6191406844207057,40483
5582351,45352,1063,33100,2010,1.5441895366360683,1984559
111465,43765,667,33140,2010,2.3181486357081362,42552
83592,48706,668,33220,2010,2.5615381983925407,33843
136975,53170,848,33260,2010,2.346306264031129,48730
1557244,49774,764,33340,2010,1.6289950207778423,615244
3286195,62352,845,33460,2010,1.842463229427696,1267805
69975,46768,639,33500,2010,2.52743915021801,28515
109494,45596,744,33540,2010,1.272293796314441,44572
413277,39998,695,33660,2010,2.0221708834771235,153676
515358,48044,978,33700,2010,1.8107224437320755,165761
176664,37819,657,33740,2010,2.3398570459267556,65267
151932,50034,757,33780,2010,2.261844414180899,58596
376208,45513,781,33860,2010,2.278517637135747,140996
66685,40614,660,33980,2010,1.370262118279453,28356
130288,43470,683,34060,2010,2.255898749486953,48447
136787,37065,600,34100,2010,2.094812643160421,52262
89744,42337,699,34180,2010,1.6497531159948366,30228
73694,35928,619,34340,2010,2.0219775378774028,30000
70334,31014,627,34380,2010,1.764801541833074,25139
117102,55458,897,34580,2010,1.3264108885993684,44856
117669,35902,638,34620,2010,2.523511523657119,46933
172068,38621,649,34740,2010,2.4768685236098866,65892
71110,39910,580,34780,2010,2.9515620916094605,26664
270430,41568,780,34820,2010,1.7171955289768357,111352
136858,64401,1186,34900,2010,1.0118574313180164,49754
322472,52730,942,34940,2010,1.3751873030424202,118258
1593050,47975,783,34980,2010,1.8425127054866601,599775
127759,41059,757,35100,2010,1.9348795985339884,49840
90968,38192,596,35260,2010,2.5576688131682324,36484
862989,57056,1015,35300,2010,1.4122814441304348,329595
73236,41709,641,35340,2010,2.6595519261478047,26130
1173327,46134,884,35380,2010,1.7377538742330514,451411
92542,38882,624,35420,2010,2.3215571990071093,34310
18919983,61927,1150,35620,2010,0.9675111819180275,6800883
156805,40329,586,35660,2010,2.0592161171228875,59915
703309,45283,913,35840,2010,1.7441509749698443,289448
69287,31869,526,35900,2010,1.916565485339514,27062
274055,62349,955,35980,2010,1.5677564833103939,106808
78681,54839,946,36020,2010,1.24290284859587,32685
331290,37044,821,36100,2010,2.0900802668736316,131753
97253,53392,1007,36140,2010,1.086989054726069,42763
137145,42282,638,36220,2010,3.2016056430959865,48630
551173,59171,784,36260,2010,1.8784146099911518,177989
111894,40163,640,36300,2010,3.1374159574477805,43123
1257845,46238,713,36420,2010,2.418380318051689,474558
80229,41578,568,36460,2010,3.561057489540711,32183
253087,61011,934,36500,2010,1.6248595415708278,99869
868238,54060,753,36540,2010,2.465589730415665,334319
83454,33388,494,36660,2010,2.8596033349556316,30518
92346,31979,627,36700,2010,2.418710876968884,33789
2140795,46478,976,36740,2010,1.8325494983140451,748210
167059,48177,620,36780,2010,2.273526617708711,67793
155212,47898,658,36860,2010,2.644265730424168,59975
115857,41021,561,36980,2010,2.6956485853644176,44507
70606,46528,678,37020,2010,2.7029994291769137,27134
825706,71864,1381,37100,2010,1.0450842166285725,265904
97379,41137,541,37140,2010,2.6230786541499973,39182
74262,33842,589,37260,2010,2.5337338967206238,29093
543573,46262,873,37340,2010,2.067482050900832,221945
95928,43993,1000,37380,2010,1.6964256390775898,35218
169272,44881,919,37460,2010,1.8279916711807755,63654
162723,40352,570,37620,2010,2.6727729738353414,65240
162384,44878,812,37700,2010,2.564660782559896,57593
86852,43784,625,37820,2010,2.0288574597389464,30973
450009,43974,825,37860,2010,1.9758310593002735,165645
378712,50983,658,37900,2010,2.6355269215119033,150898
5971483,58095,945,37980,2010,1.57169883497063,2220711
4211213,50385,883,38060,2010,1.9417855131123418,1503107
99871,33446,615,38220,2010,3.044584916132644,35976
2356381,46700,656,38300,2010,2.546482299167066,978959
131144,44190,730,38340,2010,1.4434070466666187,56517
82115,43600,668,38460,2010,2.2160460689860617,31659
90438,39175,575,38540,2010,1.8115069783115296,31856
242874,16745,374,38660,2010,1.0476845298358957,83824
71515,38841,811,38820,2010,1.0792851733684252,30430
513899,56530,833,38860,2010,1.5994956416252193,209787
2232496,53078,867,38900,2010,1.3017269574365353,857389
425082,41346,908,38940,2010,1.9013413877213372,165072
79506,36859,543,39020,2010,2.678361538333235,29414
148228,40265,580,39060,2010,2.7745733874435707,60449
670932,67269,1053,39100,2010,1.5340154973671047,231561
211061,40274,782,39140,2010,1.4229120733927179,90607
1601498,51935,831,39300,2010,1.2975739177885086,612291
529970,54201,797,39340,2010,1.6195614218484784,143324
159477,38326,642,39380,2010,1.8086468885630913,62686
159990,42031,931,39460,2010,1.8949173656875797,69176
76378,39564,566,39500,2010,2.7779790602561105,30272
195510,51377,719,39540,2010,1.9276170853471262,74808
1137552,57840,851,39580,2010,1.8547173222546782,421955
126802,47074,739,39660,2010,2.0677141951771483,51016
411850,51759,785,39740,2010,1.9629493904248747,155329
177291,41023,885,39820,2010,1.2116670803564393,67909
426448,50699,873,39900,2010,1.5647383904282521,164809
68853,36079,601,39980,2010,2.5252973929146023,28374
1261317,55325,903,40060,2010,1.6211602603128625,475685
99772,40866,589,40080,2010,2.107631127633474,37878
4245773,53548,1078,40140,2010,1.5816090685451238,1265050
308893,45569,704,40220,2010,1.7223133700037918,129280
76602,30888,603,40260,2010,2.482734304989464,29975
186302,59702,715,40340,2010,2.3456219618246963,72998
1054445,50211,735,40380,2010,2.626179639034849,414096
349287,45457,691,40420,2010,2.22555141714818,129937
152477,38077,706,40580,2010,2.5499674119974545,59832
96274,36934,703,40660,2010,2.18566169655804,35634
107638,36510,741,40700,2010,1.4127771850799016,44191
65779,34325,544,40740,2010,2.4488301108929718,23859
84073,38388,612,40780,2010,2.281838274856301,29950
2154391,56233,1005,40900,2010,1.342537434225438,781425
199911,41938,686,40980,2010,2.6818530876122844,75609
189284,50085,658,41060,2010,1.9551007577505175,71145
138451,49058,851,41100,2010,1.503644901975275,47413
129678,43178,579,41140,2010,2.587335347615621,48133
2815168,50912,734,41180,2010,2.101897891948749,1112442
391721,45584,763,41420,2010,1.4824001850908934,143114
416682,54534,1157,41500,2010,0.9520070858971007,125446
125324,47128,882,41540,2010,1.7197813048456367,43998
138446,37360,680,41580,2010,1.938817052699162,53585
1128988,57419,835,41620,2010,1.6157304643645984,369754
112484,38234,627,41660,2010,2.7074166751531834,42192
2157897,50225,788,41700,2010,2.541143306152353,749906
3105989,59923,1249,41740,2010,0.9810567397601474,1061210
77070,42246,648,41780,2010,2.099190266130899,32243
4345320,73027,1314,41860,2010,0.8271410950962615,1601506
138101,14383,416,41900,2010,0.8665414480234371,43287
1843255,83944,1412,41940,2010,0.8858905507159726,616837
2476268,20897,457,41980,2010,1.0469532485414548,888077
270113,53978,1137,42020,2010,0.8458990167987734,99653
424712,56767,1267,42060,2010,0.8465990289600193,140842
263054,61071,1284,42100,2010,0.7292825456538409,91264
144606,47080,829,42140,2010,1.1015176394865014,61494
485120,59055,1204,42220,2010,0.9504982459768601,185711
348689,46755,873,42340,2010,1.8018890873388416,130517
564446,42368,632,42540,2010,2.180033573808946,225165
197871,49006,900,42580,2010,1.356651041152661,74029
77350,38326,613,42620,2010,2.9320429467865496,29806
3449059,63088,1017,42660,2010,1.2620225472875914,1353765
138268,47335,877,42680,2010,1.9244135888621081,53151
98700,34561,717,42700,2010,2.116666282240538,39675
74359,42848,677,42860,2010,2.2013320986803047,29783
90072,40402,644,42940,2010,1.7323946620293038,36141
69608,36795,654,43060,2010,2.6737109743338503,26086
115472,49440,633,43100,2010,2.085049463477377,46153
98050,38282,571,43140,2010,2.314770886306463,37208
121145,45577,766,43300,2010,2.9034144763050813,44885
107551,40623,626,43320,2010,2.0245829381919616,34891
399799,40762,691,43340,2010,2.21003213606417,154252
131789,45213,757,43420,2010,2.172110177603874,49834
143882,44038,586,43580,2010,2.902494587665422,54012
229360,52050,653,43620,2010,2.2536013859044033,89664
77626,39978,544,43740,2010,2.855186009835771,29592
319157,41991,670,43780,2010,2.2674412576937564,119517
88569,47692,631,43860,2010,1.617253008136087,37834
284713,41850,639,43900,2010,2.1786149511009967,105598
472147,47039,718,44060,2010,1.6761445181300023,187672
210390,50423,664,44100,2010,2.783661341291449,88364
693141,49209,780,44140,2010,1.4857207657916194,270260
435175,40084,638,44180,2010,2.05774401893757,173946
138193,39580,641,44220,2010,2.5856551666469683,55459
154127,44746,826,44300,2010,1.5521076536391212,56358
70729,29170,689,44340,2010,1.5537248308541425,25215
159771,45714,785,44380,2010,1.7516390922085796,58813
117653,46292,664,44420,2010,1.5965914874545812,45218
124257,35666,575,44600,2010,2.9268021341419694,52107
70053,48620,629,44620,2010,2.2639681238331466,28920
77448,35488,649,44660,2010,1.7260602229439581,30344
687744,50011,995,44700,2010,1.5615867327411719,215469
107570,36457,680,44940,2010,2.2514093772062047,38363
94366,35394,551,44980,2010,2.351384768072459,38424
662757,49694,704,45060,2010,2.6986985764624225,255612
82110,34488,619,45180,2010,2.328337024447352,30119
368117,41511,894,45220,2010,1.6484137414113982,141996
2789116,43547,900,45300,2010,1.9065077540989694,1116299
173087,41200,615,45460,2010,3.1482971638897697,64742
136252,40547,670,45500,2010,3.0323268404349855,50248
94074,45026,751,45540,2010,1.5891187945369616,40659
162930,39660,586,45640,2010,1.9810337173644692,65317
651020,41583,645,45780,2010,2.2381550049872305,256437
236290,45360,649,45820,2010,2.4713916550247057,94949
189840,66307,890,45860,2010,1.6202022397398363,76398
145797,46807,793,45900,2010,1.8754847822300955,59457
366789,70956,1082,45940,2010,1.610378860224922,131500
98794,54456,976,46020,2010,0.9825652871945698,40851
982154,44274,768,46060,2010,1.7033184870862652,382574
100447,37439,586,46100,2010,2.1123667830547967,37871
939345,44519,688,46140,2010,2.310337161914186,364083
136473,38154,606,46180,2010,2.698883633051859,51577
219785,41047,738,46220,2010,1.8798076604669527,77180
99986,41505,692,46300,2010,1.798204457031537,37786
210512,43209,798,46340,2010,2.423554340303018,79341
87828,40536,952,46380,2010,0.749880689156644,33057
299347,46625,653,46540,2010,3.0488752010886926,115856
137657,36028,730,46660,2010,1.8726090414018828,50009
414305,63384,1201,46700,2010,1.6083475735936246,140202
115396,45802,660,47020,2010,2.744572087440148,41779
157149,51619,903,47220,2010,1.9366966994673356,50237
1675343,57315,1022,47260,2010,1.5512265710543405,618426
443688,43397,798,47300,2010,1.6980092321744442,129590
236028,39143,743,47380,2010,2.3928892405075195,83212
140713,58401,806,47580,2010,2.852994275951312,50823
77368,47308,681,47700,2010,2.243640397055371,29560
5610082,84523,1351,47900,2010,1.497100995080937,2042154
165095,45811,622,47940,2010,2.4697118656910817,64831
83693,49611,690,48020,2010,1.7869040771611815,31895
116582,43557,831,48060,2010,2.2639400470839846,45163
134104,49356,629,48140,2010,2.301456198642929,51851
111324,47839,714,48300,2010,1.319411150143234,40402
147854,38415,500,48540,2010,2.9254169375955574,60776
102205,53388,764,48580,2010,1.7328049881486653,39108
622367,46131,654,48620,2010,2.58309806884988,235977
152209,39633,667,48660,2010,3.088771771557898,54996
116143,41037,602,48700,2010,2.1531132341388806,45611
118519,60026,872,48740,2010,1.7558227474280417,44756
363766,44825,842,48900,2010,1.4541688791444705,151338
81359,34883,717,48980,2010,2.055162704455785,32762
128757,46626,804,49020,2010,1.4491000297442542,49365
478432,42644,666,49180,2010,1.9596789131575192,187786
114505,46288,642,49300,2010,2.2189555527431915,41530
799553,61212,867,49340,2010,1.5213696304861066,296295
244485,40648,718,49420,2010,1.6896651496695225,79875
107214,13721,348,49500,2010,1.0192678089954081,32875
435490,56368,796,49620,2010,2.024807304762369,170055
564804,39240,588,49660,2010,2.6518384957369716,228960
167194,46314,795,49700,2010,1.6285386272997,55241
196509,42240,781,49740,2010,2.135519228913288,67750
86142,40894,589,49780,2010,2.642992400627499,34238
77290,67221,1041,10140,2023,0.954871795185593,30498
180224,61262,1221,10180,2023,1.559071692952736,66460
97520,63952,922,10300,2023,1.4813644883339807,40142
250435,21290,548,10380,2023,0.7160683174244412,89374
698398,70125,1029,10420,2023,1.4904951656699785,298193
68835,50762,965,10460,2023,1.511352607747766,25289
147062,53056,858,10500,2023,1.4843536069253769,59228
131496,70548,1359,10540,2023,0.8131784267343017,51636
904682,82410,1293,10580,2023,1.3322110228825987,386690
65699,65456,856,10620,2023,1.2744332979756756,25371
100756,60298,724,10700,2023,1.3911093821984626,36274
923518,67640,1203,10740,2023,1.0452312743581609,381326
148171,52390,915,10780,2023,1.442860177787864,58235
873555,81159,1347,10900,2023,1.2046703347519454,345257
120273,54002,837,11020,2023,1.5791436589607915,50651
273100,63994,1008,11100,2023,1.433167148453516,102739
125156,72007,981,11180,2023,1.3427591408049047,49962
162502,79969,1355,11200,2023,0.9641312821922104,61802
401314,94150,1428,11260,2023,1.1632044840399547,148995
141477,70664,1095,11360,2023,1.1371241796861986,49285
365536,83754,1451,11460,2023,1.066920903286032,149379
116429,50780,782,11500,2023,1.4489323238377574,46310
246433,83966,1087,11540,2023,1.403829551558743,99606
179470,27118,565,11640,2023,1.1047021239445867,65668
417202,67837,1286,11700,2023,0.7815373833539853,164757
69005,51810,668,11940,2023,1.1001942005376357,26228
86158,59391,999,11980,2023,1.2831373656963845,33957
219870,67364,1270,12020,2023,0.9428996447755127,87635
6305839,86505,1701,12060,2023,1.0353187054309323,2341283
369823,80073,1321,12100,2023,1.050339030936573,158674
74485,66166,925,12180,2023,1.8786086138214162,32786
202676,57580,966,12220,2023,0.9953023706636125,81935
628186,67152,1101,12260,2023,1.2937380703844872,236371
127259,64083,1055,12300,2023,1.161958405777987,55601
2473275,98508,1752,12420,2023,0.9282728976358996,1036074
913820,68893,1286,12540,2023,0.9125527687811786,289845
2834316,94289,1557,12580,2023,1.1217541885874593,1127320
155312,66333,1105,12620,2023,1.332185989464977,66556
65920,80070,1076,12660,2023,1.354975627335062,28295
231735,89893,1604,12700,2023,0.6502327276626637,109475
873661,64550,1100,12940,2023,1.2363449556094483,334402
133366,57514,906,12980,2023,1.6149804327137207,54568
102500,58675,811,13020,2023,1.7245806834483124,44417
395479,62896,1100,13140,2023,1.6614401564718158,150294
88231,72736,968,13180,2023,1.3787538046785663,35795
111428,52437,838,13220,2023,2.0078446263726155,44847
231919,74884,1497,13380,2023,0.5624930200600701,93449
260919,91658,1725,13460,2023,0.6755593270008221,107729
191435,70849,1002,13740,2023,0.8958162258111616,81750
243792,64035,921,13780,2023,1.8689605736440809,99826
1184290,69284,1153,13820,2023,1.2831217742527843,471767
135589,83440,951,13900,2023,1.3236928325825836,57951
180890,61309,1101,13980,2023,1.2394201341854392,71419
170441,77200,1013,14010,2023,1.6797563583364188,71060
160874,58666,1109,14020,2023,0.9632982237454634,70681
65439,63683,870,14100,2023,1.305229690936977,25929
97177,43015,819,14140,2023,1.85605032676337,41700
826521,82526,1511,14260,2023,0.8032234292873818,314846
4919179,110697,2000,14460,2023,0.7859801890266132,1949953
326831,95363,1915,14500,2023,0.5733574156098529,137425
192191,60620,923,14540,2023,1.1538519204139401,77804
126409,91158,1790,14580,2023,0.6054837714444916,54621
99750,70191,1008,14660,2023,0.9976779092392491,45248
277658,99609,1808,14740,2023,0.8099704128554335,109652
951558,111058,1862,14860,2023,0.8870427228328706,356931
68360,80966,1170,14940,2023,0.9004807729160713,22453
426710,52210,904,15180,2023,1.554464356221403,143033
115087,69235,1194,15260,2023,1.1279663828408801,48281
1155604,69861,1054,15380,2023,1.3747746257456797,502324
179165,65633,1033,15500,2023,1.1362141268429962,70911
227719,95497,1604,15540,2023,1.0960773061166833,96541
399474,63774,887,15940,2023,1.549149395596634,168115
834573,71547,1797,15980,2023,0.838589278164663,326338
97947,66427,865,16020,2023,1.4151706511432627,39485
58036,73077,1322,16180,2023,0.737199994450054,24562
79941,73203,1063,16220,2023,1.2573071044135697,34332
275668,73569,922,16300,2023,1.5200653064317593,114563
86154,67169,1080,16500,2023,0.7803032133590084,33672
157854,75875,1095,16540,2023,1.399539808750819,62966
237052,62092,982,16580,2023,1.3744797486637583,102205
203259,55415,863,16620,2023,1.8734366681430965,89395
849417,85165,1641,16700,2023,1.0161025377687336,347045
2805115,81262,1505,16740,2023,0.9786920568306686,1103360
224932,92265,1540,16820,2023,0.9823577654359847,92687
580353,68677,1214,16860,2023,1.088364253262273,235003
100984,75112,1143,16940,2023,0.9651343181566858,44460
9262559,87071,1390,16980,2023,1.2630230213878266,3671659
207172,63222,1434,17020,2023,0.6902615446299191,86279
76501,60666,865,17060,2023,1.5717848263247705,28870
2272910,77844,1101,17140,2023,1.3231589185549095,921306
87336,58340,847,17220,2023,1.5933462405541474,36696
336861,67082,1271,17300,2023,1.1162609970907218,129593
67878,59444,1544,17340,2023,0.8105435566941429,26092
2158932,67586,1032,17410,2023,1.4279350908395796,931312
129612,61033,964,17420,2023,1.0839658968977632,50001
66009,52968,1045,17580,2023,1.524629561318944,26922
185010,73456,1426,17660,2023,0.606001299415517,74253
280939,54680,1160,17780,2023,0.875002726536266,107713
768832,89792,1706,17820,2023,0.8722789183459246,311530
215811,69375,1084,17860,2023,1.2292692892132238,87256
856889,67189,1169,17900,2023,1.2874275909771928,346000
329047,54661,998,17980,2023,1.2862688488392227,131169
84003,81832,1169,18020,2023,1.4796940019910336,33777
2180271,77390,1254,18140,2023,1.135509395833201,879910
157103,92110,1398,18180,2023,1.1361661919570636,62305
147742,57427,843,18260,2023,1.0648218090732768,60770
149744,43161,731,18340,2023,1.570158852470724,57160
92162,64238,838,18500,2023,2.152696935420175,38764
446041,62499,1228,18580,2023,1.3433317170107504,170701
97713,73047,1368,18700,2023,0.6232335739755376,38306
304818,81996,1712,18880,2023,1.0057366772922678,121976
92016,58923,788,18980,2023,1.326069027695836,35961
94140,56295,820,19060,2023,1.6326773101368306,38933
8100037,86860,1638,19100,2023,1.0665367103488501,2959385
144722,65143,916,19140,2023,1.3309941028558554,52722
71652,46507,850,19180,2023,2.22180728596063,30703
101408,51265,940,19260,2023,1.4600488040501438,43730
253507,72915,1286,19300,2023,1.0904103203814746,105698
379869,71262,919,19340,2023,1.84735727123807,164230
814363,67070,1027,19430,2023,1.467689783461092,350659
158635,72956,854,19460,2023,1.5688252981656006,64526
100591,58297,822,19500,2023,2.3212843724895365,43598
721796,67176,1516,19660,2023,0.8687548372591817,300081
3005131,103055,1898,19740,2023,0.7739735522500651,1244895
737164,82728,1137,19780,2023,1.3731304499973802,299784
4342304,72574,1183,19820,2023,1.3263949935351984,1770361
153349,57405,952,20020,2023,1.5448351521689485,62401
189789,72910,1320,20100,2023,1.0293143085407406,74183
77090,60711,790,20180,2023,1.9209294845053306,33554
98887,71940,868,20220,2023,1.4254626694979402,42889
281603,70208,993,20260,2023,1.3845705001337385,120943
608879,83280,1532,20500,2023,0.9221952212256591,253951
57762,46657,770,20580,2023,1.2742673216581224,18890
166053,71087,1325,20700,2023,1.1854832548057734,61129
174873,75183,983,20740,2023,1.2990909145525393,72615
179057,60243,1022,20940,2023,0.8333180465236284,50024
129403,64904,916,21060,2023,1.2871581659256215,51413
206409,67188,1079,21140,2023,1.4414161670757133,73439
81325,59617,1013,21300,2023,1.960632278934708,35591
872063,59037,1127,21340,2023,1.4190652390486131,301927
62023,63161,943,21420,2023,1.8066973572397675,23645
267571,60663,894,21500,2023,1.5541657259651283,111118
381181,70374,1373,21660,2023,0.7373120167137662,162001
133985,61621,1246,21700,2023,0.6044972610695172,56130
270717,65073,947,21780,2023,1.4165623605330375,113389
94840,86391,1503,21820,2023,1.388256480206409,37510
262620,72889,989,22020,2023,1.1651692242857274,111493
67948,81455,1028,22060,2023,1.237879786636456,23512
67058,55042,803,22100,2023,1.3953630046764962,25489
120675,57324,965,22140,2023,1.3047942607906255,42670
392336,61220,1220,22180,2023,1.2958216208552222,150658
590295,77695,1223,22220,2023,1.0426809656699796,224357
74704,70736,989,22300,2023,1.5575639502524272,31675
144472,71738,1579,22380,2023,0.6994102986796676,56954
401522,60027,928,22420,2023,1.517547324623989,164086
199630,49974,957,22500,2023,1.4285979420653272,78453
155175,61606,758,22520,2023,1.4526751541938503,67774
103948,71285,964,22540,2023,1.4052063836269457,44262
65507,47557,794,22580,2023,1.0501985392506652,26805
370771,88182,1699,22660,2023,0.7042049679571094,156498
72569,43509,659,22840,2023,1.2739268524898308,27182
231280,58609,857,22900,2023,1.4792550514297105,90483
457842,66317,941,23060,2023,1.3671498001291855,186586
76257,71305,898,23180,2023,1.4914095108217351,32729
1180020,71140,1418,23420,2023,0.8247648115567314,375676
103241,52192,760,23460,2023,1.273197475762756,40027
350203,59290,1317,23540,2023,0.9745900278312677,146910
217267,77891,1360,23580,2023,1.000002804716221,76413
68797,40108,768,23700,2023,2.593487183874543,21312
106748,76725,1061,23900,2023,1.279505433130853,41810
125427,73247,988,24020,2023,1.4414067507191966,55835
118686,55461,931,24140,2023,1.4005714386949362,47035
67774,80682,1514,24180,2023,1.058025154478294,25660
103120,71529,908,24220,2023,1.3508547160275968,44443
76479,70919,947,24260,2023,1.6023240387171553,30614
159681,64722,1184,24300,2023,0.7961992106538566,68115
1162950,77979,1207,24340,2023,1.2197785854603187,445882
87821,64170,1166,24420,2023,0.737624659902695,37241
84900,66454,959,24500,2023,1.0648978481939184,36414
359442,91047,1569,24540,2023,0.8792612051869927,129057
331882,76171,1007,24580,2023,1.3206359796154663,137111
72577,54261,737,24620,2023,1.1464088119439888,28214
70836,71296,1164,24640,2023,0.9939965631034803,32430
789842,63280,1103,24660,2023,1.1906609019056598,321824
175119,59946,1042,24780,2023,1.2280888870734625,74443
975480,69413,1168,24860,2023,1.1308663325216148,396589
94837,53628,855,24940,2023,1.315216367660216,39669
64758,21345,479,25020,2023,1.0081875796783741,27480
421916,60114,1034,25060,2023,1.3482462871219656,174612
304506,75369,1162,25180,2023,1.249629433615395,117709
138064,54417,987,25220,2023,1.1444381021023322,54627
152682,66429,1220,25260,2023,0.8743648434897897,44262
606055,76758,1195,25420,2023,1.3569478251471119,248403
137650,76250,1156,25500,2023,1.147008846241361,50113
1151543,92176,1397,25540,2023,1.257231329607787,467381
155835,55336,997,25620,2023,1.3231771201205444,61290
79904,134986,2434,25720,2023,0.6369235933272231,31929
95185,76866,1088,25740,2023,0.8820174529753635,38384
93687,62766,967,25840,2023,0.9821454106460223,35672
108503,61669,874,25850,2023,1.6973926156433239,47517
370030,58164,828,25860,2023,1.1589994761501157,155168
207615,74580,1492,25900,2023,0.6475038890036993,73933
232523,80683,1687,25940,2023,0.8162609026592849,100794
88753,60732,1193,25980,2023,1.185977371860108,31349
72101,55736,1173,26020,2023,1.2975985022122114,24812
121939,78779,1098,26090,2023,1.3658529077749644,46317
166696,53777,1138,26140,2023,0.8855544102294601,75745
99784,52275,944,26300,2023,1.0864500750790842,45243
198672,60119,1062,26380,2023,1.4557435136789567,80596
7510252,79463,1433,26420,2023,1.1837057885425621,2731843
367192,57815,831,26580,2023,1.6620613961957031,156188
527254,84929,1240,26620,2023,1.2521283563432164,212486
81268,55134,1045,26660,2023,0.8476979778591,26539
167609,75824,1186,26820,2023,0.9016092078671541,56728
83094,57505,788,26860,2023,1.73006540860615,32454
2139689,77947,1207,26900,2023,1.2863339375512408,862092
180088,71905,1072,26980,2023,1.1051858519753137,73376
103558,67247,1383,27060,2023,1.1734470974771396,43054
159424,63338,964,27100,2023,1.4275284271628914,61851
609582,58592,1023,27140,2023,1.2748741521715992,240218
181826,59532,1002,27180,2023,1.3679380751001038,73444
1713240,77044,1564,27260,2023,0.9776461822981591,693081
213676,67597,1261,27340,2023,1.2261588175531448,76788
124891,55234,797,27460,2023,2.0351662968058037,54284
164278,73440,973,27500,2023,1.3622879451386305,66220
88615,84749,1111,27600,2023,1.071273078902481,30300
150447,68629,792,27620,2023,1.482026124465231,59911
212561,56846,934,27740,2023,1.0901523951612802,91198
130668,55748,725,27780,2023,2.1013260850857245,57282
136390,58550,940,27860,2023,1.4785787803247061,56301
204787,57887,890,27900,2023,1.5669915102335636,83470
164264,83691,1828,27980,2023,0.41116004042431475,56848
262215,67191,1058,28020,2023,1.2280128697691117,107893
113679,74274,1275,28060,2023,0.5973987334648422,45510
105940,66788,1058,28100,2023,1.676471526413882,41130
2219865,79842,1240,28140,2023,1.2674900749631166,906504
73851,103564,1816,28180,2023,0.5351343543638031,24621
77703,89314,1259,28300,2023,1.2493738507325571,31921
314253,83053,1298,28420,2023,0.9152663748137829,109481
167488,74886,1212,28450,2023,1.2949337700511503,69907
80614,88870,2091,28580,2023,0.5061482127580701,32559
501334,71013,1301,28660,2023,1.2988996127370727,182336
312490,53794,810,28700,2023,1.1867881658761672,132975
182333,85878,1363,28740,2023,1.0558909235604332,73895
704620,95839,1610,28880,2023,1.118457192353017,254385
70003,52547,987,28900,2023,0.8879116140400444,30395
947017,69872,1170,28940,2023,1.0002663600552772,380978
83831,61267,949,29020,2023,1.661426394733239,35551
65027,97692,1037,29060,2023,1.088876581401017,27150
170238,71312,970,29100,2023,1.2345268662628213,72276
414288,57311,946,29180,2023,1.197620932318358,166896
226830,61349,1100,29200,2023,1.197007880283993,91594
104821,56990,1079,29300,2023,1.3479834813391431,42414
240210,65122,1057,29340,2023,1.3847983464063123,93049
73063,60812,998,29380,2023,1.2122907669949288,27280
223682,55954,1077,29420,2023,0.8743610354444844,98791
818330,66909,1403,29460,2023,1.0367268258419267,306915
558589,80067,1329,29540,2023,1.1977553423401888,211669
473177,70007,1042,29620,2023,1.46693387768439,194031
269148,60204,990,29700,2023,1.376490084301866,83045
225210,56451,933,29740,2023,1.1367062326674153,87688
2336573,75065,1654,29820,2023,0.786998659083225,880604
80867,47790,670,29860,2023,1.4182675471657797,32059
120553,66997,1056,29940,2023,1.0064992485701756,51013
126687,56680,984,30020,2023,1.641768896585315,48105
144252,78824,1186,30140,2023,1.5373171068639966,58012
225159,78937,1218,30150,2023,1.1096241118193095,98017
65536,71005,1105,30300,2023,0.9807072035064477,26723
113765,63404,997,30340,2023,1.1068081730518748,48239
520045,70027,1117,30460,2023,1.1116771558758818,222167
210009,116297,1718,30500,2023,1.2296744271028508,76869
100838,66891,941,30620,2023,1.708006227509306,42147
343620,71163,1018,30700,2023,1.1781913429027016,144767
764582,66225,1031,30780,2023,1.3776252127184225,310926
157164,85111,1253,30860,2023,0.8368994220626252,51478
293498,63956,1050,30980,2023,1.5284997697216343,108309
112864,70959,1176,31020,2023,0.803591234397228,44694
12799100,91960,1993,31080,2023,0.48684547976995524,4542998
1364742,68921,1083,31140,2023,1.2477103268520258,563933
360342,57093,1149,31180,2023,1.2817431357115008,143229
87319,56864,1068,31260,2023,1.5595288064062132,31996
117365,40996,786,31300,2023,2.160900540383265,43590
265565,67050,973,31340,2023,1.2382521950582537,104544
233020,59750,1022,31420,2023,1.4024277862082934,89842
694345,82132,1335,31540,2023,1.0117295956140355,308244
427354,103727,1668,31700,2023,1.106705122038761,170761
132831,63033,1059,31740,2023,1.3130094020580287,51764
81331,68297,752,31820,2023,1.5693419793575185,35669
104248,69016,1014,31860,2023,1.1332456654623957,40152
125064,56664,808,31900,2023,1.4714191934719927,51046
65051,59414,743,31940,2023,1.7155489573643723,30787
66200,52214,734,31980,2023,1.968117963095824,27670
66706,60135,980,32060,2023,1.7708943354487128,29509
66999,62115,842,32100,2023,1.251855548214736,28707
106940,56872,789,32390,2023,2.0053905571725203,42945
205345,20939,468,32420,2023,0.8771155922266229,83931
898471,53661,936,32580,2023,1.6293651354217822,277001
82001,60797,764,32740,2023,1.8546292224580776,34813
220768,71666,1419,32780,2023,0.7625069628855083,92225
1335549,64025,1200,32820,2023,1.1083770278841867,523295
291920,57570,1294,32900,2023,0.646225914936254,88053
87151,48819,840,32940,2023,1.579493824900317,35622
6183199,76271,1914,33100,2023,0.7387415860663531,2349920
111706,62868,994,33140,2023,1.4703502290610508,45725
84039,73074,894,33220,2023,1.7125367245657035,35761
182432,92934,1326,33260,2023,1.368829248787335,73012
1560424,77006,1122,33340,2023,1.1474778613632886,650986
3712020,95102,1427,33460,2023,1.1816440056650435,1501453
75489,72073,985,33500,2023,1.391464715583388,31532
125744,73324,1166,33540,2023,0.6902474991298155,56810
411640,55352,1022,33660,2023,1.3263228797811517,163963
551430,82758,1595,33700,2023,0.8319369690984412,179152
222341,50286,936,33740,2023,1.3139740193666036,87927
155045,71506,983,33780,2023,1.3399477039014507,62936
385463,62362,1018,33860,2023,1.4819186425191944,153926
79920,69453,1028,33910,2023,1.1645791609273244,30971
69615,78256,1144,33980,2023,1.0474540349911887,34497
141817,59045,903,34060,2023,1.1535242085521156,57621
124054,58401,903,34100,2023,1.0820078963561357,49910
102678,75586,1057,34180,2023,1.1212234142213622,34911
71462,58291,697,34340,2023,1.4720381841828767,30752
131417,91234,1667,34580,2023,0.750240555545983,53087
112321,55206,878,34620,2023,1.8142675114666136,44361
65731,71313,1517,34680,2023,1.016142507687253,28720
176564,61189,1003,34740,2023,1.34605360422416,70042
66677,52484,800,34780,2023,1.5318267626631676,26362
397478,68988,1265,34820,2023,0.9997693776299514,168080
65375,51718,883,34860,2023,1.1783603479623967,25074
133216,104686,2239,34900,2023,0.5778047909891736,51167
404310,90072,2039,34940,2023,0.6944156324289782,166192
2104235,84685,1566,34980,2023,0.8892784891255364,863464
125411,58567,1037,35100,2023,1.2322807974788654,51068
568158,80733,1471,35300,2023,1.0614225367222836,233004
67659,53352,836,35340,2023,1.660619497630854,26439
962165,61000,1159,35380,2023,1.0628223146045188,399198
91874,60604,850,35420,2023,1.499922514829748,39110
19498249,95220,1764,35620,2023,0.7164195399496872,7490498
152261,62460,936,35660,2023,1.2053661372010034,65129
910108,78914,1854,35840,2023,0.8260320130180873,408101
66013,47022,655,35900,2023,1.1822566692562286,26154
279634,82652,1348,35980,2023,1.1722550606437618,114156
86267,90308,1632,36020,2023,0.6967030675173712,35431
409959,58606,1365,36100,2023,1.0149480223435157,171369
164494,66608,1169,36220,2023,1.5562353907033204,66937
658013,100461,1528,36260,2023,0.946288191483152,220388
1477926,69895,1140,36420,2023,1.3151271134433642,581140
75600,54250,715,36460,2023,2.360797472532402,32376
299003,93170,1776,36500,2023,0.8674661594304267,119786
984548,81376,1168,36540,2023,1.342439062422513,397769
81464,41393,658,36660,2023,1.6655309509963867,34635
82820,51863,838,36700,2023,1.9295406117072371,34120
2817933,77378,1799,36740,2023,0.9272926061838044,1073662
171735,69957,929,36780,2023,1.444135163687104,71563
146850,70313,869,36837,2023,2.1723423421539305,61172
112258,61761,883,36980,2023,1.4488884227446104,45814
68025,62093,951,37020,2023,1.5611812207929696,26950
69970,70973,1110,37060,2023,1.254679095262591,24167
829590,107667,2264,37100,2023,0.6025892077390572,283718
101900,61699,754,37140,2023,1.797352916289906,43021
75955,52256,964,37260,2023,1.4975629946956757,32487
643979,78575,1648,37340,2023,1.0116132277524617,258656
216371,69690,1506,37460,2023,1.0218775205172956,89699
87628,54906,735,37620,2023,1.5531476165869271,38866
530090,78315,1374,37860,2023,1.1650926947310776,204344
361989,68504,899,37900,2023,1.958311790595973,153577
6246160,86867,1456,37980,2023,1.1180549854414474,2484152
5070110,85700,1760,38060,2023,0.8601934084771201,1922068
90396,42361,779,38210,2023,1.81588433273201,43108
70843,47336,881,38220,2023,2.173216556010736,27244
106898,78057,1342,38240,2023,0.9709106373865043,46385
2422725,72532,1044,38300,2023,1.5254127280387813,1067180
126818,77498,1074,38340,2023,1.1931479634505247,58807
78115,62717,948,38460,2023,1.664372845842993,34639
90400,68495,1068,38540,2023,0.9200221011536527,33729
266237,20978,502,38660,2023,0.9807629289349844,105603
77616,65990,1094,38820,2023,0.7029303691943328,34807
566329,92117,1551,38860,2023,0.9512217587808106,244997
2509925,94925,1670,38900,2023,0.7769742294832149,1028651
536901,68316,1679,38940,2023,0.8131754143384875,214904
71969,52159,805,39020,2023,1.4655095501148692,30143
143786,64276,801,39060,2023,1.9725530736765295,58809
249081,67245,1442,39150,2023,0.6797110287502639,113784
1677803,83330,1330,39300,2023,0.8892879844648913,677970
733218,100791,1556,39340,2023,0.8162566749456671,219263
169422,65161,1165,39380,2023,0.9536404644644577,68732
206134,71806,1520,39460,2023,0.900968845683747,90367
96692,88806,1217,39480,2023,1.3341369355123815,40349
73249,61447,879,39500,2023,1.7500364549394167,30888
196613,73978,1038,39540,2023,1.341375387273441,79066
1509231,96096,1605,39580,2023,1.0038247048063615,600306
156686,77164,1125,39660,2023,1.101565031179742,65028
432821,75675,1219,39740,2023,1.3301196386352492,163307
180366,75949,1351,39820,2023,0.981935217260217,72320
564527,83759,1615,39900,2023,0.7544462404629189,227132
68243,59033,989,39940,2023,0.7208061076663672,18854
66127,51798,825,39980,2023,1.7472953242398508,26843
1350123,84332,1491,40060,2023,1.0826955171628092,536542
126936,62323,781,40080,2023,1.281933830740729,50352
78759,98105,1610,40090,2023,0.6655894266636743,31304
65934,41566,747,40100,2023,2.129813974431417,19004
4688053,87843,1850,40140,2023,0.7305997684516974,1474564
313786,65537,1087,40220,2023,1.1648596446814468,134105
229077,85213,1271,40340,2023,1.2664830904570448,92141
1052087,73294,1138,40380,2023,1.6247994882067998,446704
334124,66960,991,40420,2023,1.8136654969765993,135255
145383,61388,884,40580,2023,1.5031200263690732,59997
100113,62098,993,40660,2023,1.2894375673290817,37835
112435,60889,1038,40700,2023,0.8551363536915096,47733
84637,56186,824,40780,2023,1.4773905750629415,32342
2420608,94992,1800,40900,2023,0.7421927250861642,888619
187782,59265,917,40980,2023,1.8585260838453153,77158
202577,73963,1038,41060,2023,1.1806932628603752,77652
202452,77480,1624,41100,2023,0.6735733457870798,72315
118666,62682,898,41140,2023,1.6731152080999487,47529
2795504,78224,1102,41180,2023,1.4486882638004415,1179884
100182,53455,756,41400,2023,1.4991707600832322,42415
436546,74554,1391,41420,2023,0.7828927021109433,162200
430723,88035,2004,41500,2023,0.5324365072064638,132170
129710,70528,1270,41540,2023,1.3030066257127453,48542
1267864,94409,1639,41620,2023,0.7916636833750349,460977
120055,56569,1127,41660,2023,1.3050792172474184,48119
2703999,73195,1342,41700,2023,1.1480746862257774,986961
3269973,103674,2296,41740,2023,0.5503201395361804,1181259
113838,65177,886,41780,2023,1.4469558530242965,53716
67059,60140,864,41820,2023,1.1447155145776042,25961
4566961,127792,2397,41860,2023,0.5309009919963087,1763465
1945767,153202,2773,41940,2023,0.5047776034064329,685743
2037875,27981,592,41980,2023,0.8859448295346607,827522
281639,90670,1922,42020,2023,0.5091364400480018,110283
261547,105631,2055,42100,2023,0.4795377846942072,99069
155956,78731,1254,42140,2023,0.7448124456419497,71322
441257,91197,1988,42200,2023,0.5363000301470607,150932
481812,100707,2061,42220,2023,0.5890562636467664,192765
424935,75196,1482,42340,2023,1.0842592323107274,165394
569413,58834,1057,42540,2023,1.425379835039235,236141
263509,78061,1236,42580,2023,0.9024968029088133,111492
78452,53688,780,42620,2023,1.4076754235405937,30920
4044837,110744,1965,42660,2023,0.7138873480615666,1627693
169795,72920,1409,42680,2023,0.9033430209842861,72833
107614,51165,1073,42700,2023,1.1244651164174597,47278
81221,67124,814,42860,2023,1.208506795852965,34416
99415,59665,970,42940,2023,0.905835437328233,42727
73791,56579,832,43060,2023,1.484323855266079,27150
117752,72902,895,43100,2023,1.3963132448309836,49852
101378,62186,880,43140,2023,1.2505416469668977,39314
68389,74508,1368,43220,2023,0.791095053982418,25161
146907,69019,1325,43300,2023,1.124846507614782,56267
109175,50754,869,43320,2023,0.9652603304194011,41945
383295,54904,1029,43340,2023,1.3880323572918103,164006
124640,52025,988,43420,2023,1.0155147134429419,50919
143885,70718,1019,43580,2023,1.6909866918585492,55198
303827,76226,988,43620,2023,1.1377012835451144,126616
275583,76420,1259,43640,2023,1.2245988737920854,106164
66191,55667,850,43700,2023,1.3486524675719669,26203
72197,60515,794,43740,2023,1.9200208955832945,29435
324490,65834,1058,43780,2023,1.4977541440497875,128897
383327,61196,1006,43900,2023,1.2037426071512918,146672
600292,72819,1279,44060,2023,0.8017151753946471,239251
205111,72201,952,44100,2023,1.8706431319927923,91114
460291,66997,1136,44140,2023,1.0181601137472547,184698
490886,62921,984,44180,2023,1.1927046874199856,200832
134610,57910,785,44220,2023,1.5297316118876056,55322
157795,69101,1198,44300,2023,0.9824890888744824,62175
96001,53297,906,44340,2023,1.0865402685801475,35811
127344,63275,1083,44420,2023,1.063706718584098,54483
71024,69391,948,44620,2023,1.230502624712516,30620
83352,56371,953,44660,2023,1.1385910142259128,32739
800965,87418,1655,44700,2023,0.7551079558116923,251091
104165,55982,931,44940,2023,1.3498730117841744,40059
107980,60444,798,44980,2023,1.5669173318558827,45377
652956,73268,1067,45060,2023,1.7760116518763278,273464
90795,61514,728,45180,2023,1.953066918946949,38388
393414,63993,1238,45220,2023,1.0158875324655534,163838
3342963,72743,1729,45300,2023,0.8975176264463265,1358788
167429,50992,879,45460,2023,1.6745816324695282,67572
146363,50711,953,45500,2023,1.5479815749610029,59815
71715,52966,889,45620,2023,1.4728602843277168,29719
600141,63074,927,45780,2023,1.5661195511889274,254228
232322,65301,953,45820,2023,1.6293465209406883,95618
113463,91020,1141,45860,2023,1.2620864353962906,50297
156371,78073,1288,45900,2023,1.0738063899409314,69457
381671,96152,1466,45940,2023,1.1292864062998986,146258
102037,87998,1782,46020,2023,0.6242315883728593,42712
1063162,69758,1263,46060,2023,0.9480818314428445,445471
66546,64324,904,46100,2023,1.058474229142585,25332
1044287,65561,1075,46140,2023,1.3075301097984533,411320
132027,62004,811,46180,2023,1.769192591713988,51923
271223,58193,958,46220,2023,1.1620992587169925,108078
120060,66078,1110,46300,2023,0.9397986399902115,43326
245209,72313,1299,46340,2023,1.2174263289680667,81987
89108,67454,1439,46380,2023,0.6067481924771092,34951
989408,103131,2033,46520,2023,0.526497222094245,338496
287039,61799,919,46540,2023,1.6371720946368442,124085
151923,54924,1003,46660,2023,1.2246648711163086,60298
449218,100027,2059,46700,2023,0.7394981505025296,157766
99982,69490,1153,47020,2023,1.6145326057055338,37816
152326,64908,1196,47220,2023,1.3514534221655892,54482
1781671,79325,1465,47260,2023,1.059600116281923,710613
479468,73097,1277,47300,2023,0.9876148862650816,145442
305370,62743,1115,47380,2023,1.1499236306310956,111745
61568,72812,1049,47460,2023,0.7779452893461449,23887
200779,75680,1152,47580,2023,1.5538917926260771,77061
80364,70140,1010,47700,2023,1.4135900853542878,32268
6304449,121469,1945,47900,2023,0.9715496785161787,2409575
456128,81326,1298,47930,2023,1.1418080699558024,180851
168162,62381,929,47940,2023,1.5057513752336,68791
85743,82864,953,48020,2023,1.3409667410790642,34914
114787,61512,1227,48060,2023,1.5331394918125043,50542
138612,74141,977,48140,2023,1.578046306067107,58104
114106,53422,760,48260,2023,1.9434449205692876,50285
124795,73601,1133,48300,2023,0.6905894635090645,49671
135517,59180,777,48540,2023,1.684426410047549,59980
105822,75229,1116,48580,2023,1.0960953475643183,43005
652939,67434,965,48620,2023,1.4934513099935423,260885
149947,63502,954,48660,2023,1.6999444420877752,57000
151565,74715,1347,48680,2023,0.8345981689442301,73238
112724,62135,869,48700,2023,1.3854517472655274,46849
467337,76904,1426,48900,2023,0.9532117780909495,206546
78970,51247,1005,48980,2023,1.108752254581025,34524
148656,81272,1279,49020,2023,1.052237232101462,56287
695630,64406,994,49180,2023,1.189423875837761,292187
73939,66461,766,49220,2023,1.7485694602583777,32099
116510,69101,886,49300,2023,1.4492723928623585,44453
866866,94099,1449,49340,2023,0.9956502489713674,336660
256643,69525,1119,49420,2023,1.0009166805426783,89414
464640,81362,1149,49620,2023,1.4500641166813928,183864
425969,51350,788,49660,2023,1.5748170069951086,186827
183670,77335,1357,49700,2023,0.8916333062277921,62578
213221,62888,1055,49740,2023,1.1693866781828248,83811
86305,56654,840,49780,2023,1.4067117521174728,32776
