,Unnamed: 0,cbsa,cbsa_name,accessory apartments banned,no flexible zoning by right,no flexible zoning by permit,affordable incentive,affordable mandate,zoning district count,permit cap or phasing,wetlands restricted in lot size calc,longest frontage requirement,highest res min lot size,mean res min lot size,lowest res min lot size,mandatory approval steps,distinct approval bodies,public hearing requirements,max review waiting time,multifamily not allowed,no mixed-use buildings,no conversion to multifamily,townhouses not allowed,age-restricted provisions,first_pc,second_pc,third_pc,overall_index,local_political_pressure_2018,state_involvement_2018,court_involvement_2018,local_project_2018,local_zoning_2018,local_assembly_2018,supply_restrictions_2018,density_restriction_2018,open_space_2018,exactions_2018,affordable_housing_2018,approval_delay_2018,wrluri18,z_score,overall_index_z,wrluri18_z,first_pc_z,second_pc_z,affordability_index_2010,affordability_index_2023
0,5.0,10420,"Akron, OH",0.1929731119600352,0.1410336467822509,1.0,0.0769449750220393,0.0,13.002415148398471,0.3536769027328827,0.0,76.36106927710843,61173.58149059653,27660.25857786547,15162.08602703497,4.399573905377608,3.966950117543344,0.3092216426682339,209.53028577725536,1.0,0.7921962239200705,0.0,0.9950778724654716,0.5585053629150749,0.3197015545222761,-0.334380929136046,-0.7679785112185031,0.1249840678126313,7.358714260509886,1.1749826459004469,2.383074757241063,2.2513466745900725,2.3972593287129937,0.9435223247633929,0.14303367711432188,2.737299824986516,0.6312903373609957,0.055557659688756526,0.02648517394738951,6.1678519244107415,-0.49470539240841377,0.6563278571553582,0.2219205488524726,-1.2097044423595134,-0.33913331679219744,0.2429101960860766,2.137844074641238,1.4904951656699783
1,15.0,10900,"Allentown-Bethlehem-Easton, PA-NJ",0.3691841592728846,0.3890735968208377,0.8531407999055695,0.6047884165174795,0.2918494619425154,10.709901438098798,0.4549782612972399,0.086384293049517,124.35718360842792,102570.65570222896,52646.43021319011,14077.921937400406,4.941649780645669,3.2091440262831736,0.4894650902008616,215.50606913104207,0.804095925714623,0.4832484114024906,0.2304695953256871,0.9396037850917748,0.7699828844602703,1.4704290717125128,1.1033744055488504,0.1937520518364165,4.433760903709769,7.7326517028436195,1.9362774781085974,2.612365849298402,2.805657355735889,3.5608197601229943,0.5026580934839289,0.05932808326843253,2.422849771858451,0.8805645303809497,0.5725694695723171,0.2986145871072405,6.521647485505928,0.19404521105015585,1.8365786804076467,1.4692906546167037,0.25345579810228575,0.7486598061766091,1.8952468559144138,1.6949436488130198,1.2046703347519454
2,36.0,12060,"Atlanta-Sandy Springs-Alpharetta, GA",0.5421232995403127,0.1387673826810156,0.624704227925925,0.5241254441175883,0.0853104858486256,23.22377435098181,0.1011679649305953,0.3383264945613646,75.28884053146028,60384.5164776421,21832.83209278475,7004.434472241797,4.574800271800489,2.523266352926844,0.1925477515020968,133.76888661571633,0.9948790603348776,0.6911147075781715,0.321108962799671,0.9950376456280344,0.7304354584112694,1.384598629477068,-0.2981302200926745,0.2929493267977776,0.6435088700635371,8.48019546872275,1.9199891327296177,3.1233906625816115,1.8372544881547799,2.7237846365506413,0.5284913651122338,0.14136534991466432,1.933760849687876,0.6099588692222292,0.4822239206699969,0.01644048033161006,4.0898967920723885,-0.27728018074051597,0.7983610484858482,0.3720309774169215,-0.7478131229342009,0.6675235133441738,0.2845712312094559,2.014623118268704,1.0353187054309323
3,80.0,14460,"Boston-Cambridge-Newton, MA-NH",0.4121256219792205,0.0119593073343343,0.904792484929096,0.735213588603093,0.2441674226835543,17.897147780031467,0.1770113541310087,0.1726134855271973,98.1559754903588,42277.04599394497,21926.96933906866,10693.972884617582,4.680613840360798,2.88941218984033,0.512968025247608,193.896442466616,0.9791491721547052,0.5154197512790608,0.5770448782871769,0.8449730908782186,0.5334237469666353,1.4456535154695829,0.3949560251456829,0.6080466999209883,2.432649745944288,9.065685238522622,2.27440004810306,3.486607354579071,2.3734815485547545,2.5990407915332354,0.6118479729311186,0.35920179564587135,2.5970896011183093,0.4587892259660439,0.3940248594920763,0.5114605177741974,5.408891954220227,0.28487829435862144,1.2884386440763635,0.8899786290524491,0.4464187593659497,0.7252392489237571,1.081098834900177,1.2410830541885949,0.7859801890266132
4,95.0,15380,"Buffalo-Cheektowaga, NY",0.0,0.0,1.0,0.0,0.0,10.164397549353302,0.0,0.0,70.6858407079646,9883.764465622871,6876.1232130701155,4328.795098706603,4.164397549353302,3.0,0.0,0.0,1.0,0.1643975493533015,0.0,1.0,0.0,-1.5217953009436418,-0.9082873642770352,-0.0463389368856362,-4.909622963238538,8.590376821994317,1.8146014213463406,3.484742694796287,2.835962881468078,2.41928911913899,0.7450729097873184,0.445038341259957,2.004469928825758,0.5261203762342832,0.5149790816288269,0.0,8.227829978501687,0.1892221169509831,-0.7227408018768955,-1.2355738965510954,0.2432097678462266,-2.0799169388226306,-0.4166503141190065,2.562670992657102,1.3747746257456797
5,121.0,16740,"Charlotte-Concord-Gastonia, NC-SC",0.7651911975209602,0.1994478788164786,1.0,0.0275038145124502,0.0,18.37180092177497,0.2230349362150598,0.0,59.69924338948925,74574.70907460715,34808.11659037642,9018.946722665283,4.680375316565208,3.119594796533119,0.5676781023390433,212.6756641970648,0.9662042061881616,0.8538058609787174,0.080246330989571,0.9328881757979016,0.0978009532348638,0.4149155712419717,-0.4633056497393371,-0.8720989137282769,-2.6175603235815985,8.065105208331772,2.8439863892037494,3.238624880779756,1.2961706706733775,2.6173211016936344,0.7225721181696643,0.0,1.6101113812699652,0.6381979849485527,0.25314795543257773,0.0,4.061092767391705,-0.332870933165776,-0.09490396547743955,-0.5720328207107561,-0.8659083787169981,-0.24912664618539793,0.0947437889987182,1.948760417019522,0.9786920568306686
6,124.0,16980,"Chicago-Naperville-Elgin, IL-IN-WI",0.0451886504849804,0.0328789620238866,0.9459719109645528,0.4171295982807241,0.0036680683487837,8.938662386612926,0.0831783657003526,0.0165635241132988,69.04522886469663,22311.061541937062,10963.06499456516,5743.449737114376,4.580235779471177,2.6107308666842703,0.5973312548105512,313.7358839985582,0.9921629598132876,0.7199692243003836,0.0243213186476552,0.9570450124176164,0.6203748851603349,0.2422875119408663,-0.7891603282006459,0.4883280218108576,0.1241394869081818,8.210350163149807,1.6985969327626695,3.0485366332442214,2.3478182866857686,3.0397511714626404,0.3979549394450814,0.10017522702965982,1.5806297321162315,0.6768327760977809,0.6935030040323251,0.15659920547360873,4.21154476118129,-0.12413816433156126,0.6560965113823595,0.22167604675541974,-0.4224830129806791,-0.41231351095918056,-0.27974387104268805,1.6123135902498764,1.2630230213878266
7,127.0,17140,"Cincinnati, OH-KY-IN",0.4712474218176985,0.4092799795222179,0.9768911182542692,0.0083437116964562,0.0,20.16447203256755,0.1421433740099534,0.0054221819667531,72.6637484186328,20412.28241125884,10324.78866206901,4679.701127754779,4.350969987250612,4.885477019104393,0.0529468808301377,161.11479372080316,0.9330115630553244,0.7769447739814026,0.113053601579152,0.811934215125008,0.7249011799337426,0.530703322452451,-0.9097549988549636,-0.9530024390582458,-1.9224627410176551,7.71032735325199,1.8337983527055257,2.9398460775950372,2.4253715059071044,2.7555995328485388,0.22891034191808232,0.16809838454932075,1.8668559459600949,0.4691015896377145,0.2715995944544072,0.06073572118996233,3.2037531247234274,-0.31489459200888226,0.09549565959178385,-0.3708054241429506,-0.8277200017955598,-0.13967143840664792,-0.41833698942310077,2.209930255129077,1.3231589185549095
8,133.0,17460,"Cleveland-Elyria, OH",0.0782010500424046,0.2097224674752971,0.9476309381987122,0.0,0.0,15.652901544223896,0.1921973045098102,0.0026089400341723,69.90699215825745,25396.43039054514,12401.67140049334,7174.5078019493685,4.483409976646381,2.8853906819306654,0.07417820875997,131.93823228768477,0.9950134177611862,0.8044998619674243,0.1201368387804386,0.9734604393663931,0.542807507977288,-0.2841605405776047,-1.0181373821574498,-0.4725503372061359,-3.892029978056168,8.705908321095677,1.9151318547369427,3.4622037653314144,3.1008647909609888,3.797716771190168,0.5386420996457585,0.11198355975181395,2.4478448464247218,0.7637573454719472,0.39877270551306543,0.02972053362265845,5.6752056343379005,0.15331077010123592,-0.4440039342602228,-0.9409856368443039,0.16692082577033945,-0.9099696133596946,-0.5428951676401986,2.0998978106078567,
9,146.0,18140,"Columbus, OH",0.0797258193795161,0.0376824763805259,0.9758273042478072,0.674215036461313,0.0,7.186086284478243,0.0285079013348267,0.0,101.37789196100128,162186.2330052243,28658.129360300565,5533.013526384828,4.068815350733528,4.387779007159429,0.0906151554077614,280.4890359450733,1.0,0.9535731482921072,0.1135742351124481,0.9516832884768364,0.7531710247659186,1.1977613106885086,-0.1392022803539463,-0.5617769638901019,2.6865350609427976,8.364540553725899,1.7497262576774288,2.973087397754267,3.157085245533529,4.69393731837742,0.7387390016455971,1.41247476461042,1.621622871599967,0.6214438342580063,0.5433042619610859,0.07926522038107475,8.010671200534864,0.13105262108772103,1.357982359950028,0.963477202843342,0.11963631015712298,0.4909045071450493,0.46721876154106284,2.080076879582782,1.135509395833201
10,163.0,19100,"Dallas-Fort Worth-Arlington, TX",0.2354848645062821,0.0,0.8249492490859848,0.3665032744938625,0.0,28.339865279391887,0.3856545745651881,0.0034253749582271,90.57024574914334,24170.87736733686,12159.843711993222,7651.9787681618445,3.470252108594486,2.995196120485413,0.105381716702662,125.35795667093956,0.998930739342308,0.764078702572211,0.0022114679608357,1.0,0.6701807829856002,0.735001411395804,-1.0357186382330263,0.2467988693774592,0.224312767382533,8.85781822340913,2.398141685891555,2.942893329701469,1.9369589579885444,2.80232191054766,0.4529299770700954,0.1134456545189654,2.0323562795352714,0.6869876272493803,0.7238857134014645,0.02294931610276763,4.206665748491589,0.03283247469613832,0.6835357595148561,0.25067572815433464,-0.08901949688079558,0.05345339164076765,-0.5631003814472277,2.412331893998285,1.06653671034885
11,175.0,19660,"Deltona-Daytona Beach-Ormond Beach, FL",0.6819464513727389,0.1591608660323661,0.9723530895132272,0.5051775414383438,0.0,19.023748243798757,0.2632760808392941,0.0836692297531511,61.95899995596989,32684.107409468077,13275.81060111783,5743.013421180087,3.8052868161822686,3.6218453422140744,0.3588774721909786,257.1460879241401,1.0,0.6937985582138183,0.0,1.0,0.1873001132774818,0.9223456145535676,-0.7827564336230975,-0.2698868254941375,-1.335833402160773,8.055104174130202,2.283537395083781,2.666839600325195,1.537352488428897,1.9303605049082606,0.28251132081907987,0.0,2.1102304171197703,0.4043166418509262,0.9325830799161923,0.07044670355940305,4.878977991123207,-0.43563856958730196,0.2561838981567364,-0.20097906080985112,-1.0842247313461624,0.23055156021562723,-0.2723842114949959,1.8265414128575148,0.8687548372591817
12,177.0,19740,"Denver-Aurora-Lakewood, CO",0.4389013827920357,0.2940427240025319,0.7825280340886284,0.5252191007477472,0.0824863496245825,11.57355764035056,0.3873798998543616,0.0001723987093254,53.42666879377512,37463.866208309104,13510.616811377842,4312.622493142649,4.741309303869451,2.567981700005661,0.3750881291909612,232.76746759161577,1.0,0.6593684546385545,0.0,0.9385848896390948,0.3126952351055234,0.5310929341656997,-0.5084303069633053,0.2872338170788783,-0.99456042559266,9.15973121416604,2.160592597512611,3.2227698398611744,1.5997007953467268,2.5865027857691305,0.3824209261273186,0.36456295640222885,1.8761119618756237,0.9461397529041091,0.6558828289192006,0.0,9.219783683930162,0.3218994382702288,0.34966465311080663,-0.1021821806071644,0.5250653196097792,-0.13930313493256843,0.042884391509721,1.591516877112692,0.7739735522500651
13,180.0,19820,"Detroit-Warren-Dearborn, MI",0.1223431372192018,0.0689883074368488,0.9408234681504192,0.3182099563395104,0.0,21.69216805829167,0.4134855927667059,0.0446464010137681,46.18577920682837,14357.756031083063,9218.63690890184,6027.03055505992,3.573627462047418,2.508840429831876,0.1163830616235584,204.17172519017257,0.9564414698181845,0.854875299961037,0.318375640432745,0.8656921043336404,0.8123918956809252,0.6607345479023294,-1.0425587913649506,0.1830251178016486,-1.2622691975780795,7.320274008995496,1.8248500004958506,3.2530270579648524,2.584483977368272,2.738640341051529,0.5100189022465669,0.04952477309875227,2.194716934552214,0.4125417819056127,0.2307095905512431,0.08446165700376775,4.994135141141777,-0.38886285048859254,0.27633444582429645,-0.1796825785027859,-0.9848558566612371,-0.016751745688288803,-0.5709614100284188,2.5816872148818946,1.3263949935351984
14,260.0,24340,"Grand Rapids-Kentwood, MI",0.492354628422425,0.0348265971316818,0.7920052151238592,0.4764224250325945,0.0316349413298565,17.501350717079532,0.5118122555410691,0.1691421121251629,56.24883441981747,10633.571869621905,6154.476323337679,4245.228213820078,4.41129074315515,2.0359061277705344,0.0419087353324641,588.48,0.964354628422425,0.7931473272490221,0.4656427640156453,0.9166101694915254,0.7287301173402868,1.2270331586291632,-0.8504388742453226,0.2333487529628028,0.5499358015029134,7.949014615773113,1.7377609118703878,2.50719523355132,2.1062053565771333,2.5558960705303257,0.5239275679790818,0.1257364523067968,2.425721903236906,0.5425372808228465,0.5577584646487962,0.0,5.134466692431193,-0.34768131356256354,0.7727297161126264,0.3449420255234902,-0.897371087618999,0.5185754495799547,-0.3501680841531816,2.291269651144304,1.2197785854603187
15,281.0,25420,"Harrisburg-Carlisle, PA",0.0,0.8936100348065935,1.0,0.0,0.0,12.386287515597294,0.0,0.0,103.47245025284036,195938.43830038747,50533.03112891574,7540.6350561502595,3.1310172719511393,1.049254613515466,0.0817626584356734,161.90484008668813,1.0,1.0,1.0,1.0,0.975372693242267,0.7364211933121225,-0.58722089907726,-1.1462859922576905,-9.611222790882351,6.454869863269575,1.7577332202666687,2.948520427136216,2.055045933783611,2.846531320895039,0.44162146651912915,0.0,2.802108118414575,0.4631016951698545,0.42242173119617493,0.08215575329461394,5.32886527295283,-0.5350713573383494,-2.0105928486455342,-2.5966643632027684,-1.295456635761272,0.05479552431910825,-0.04766549598417696,2.140885347507316,1.356947825147112
16,283.0,25540,"Hartford-East Hartford-Middletown, CT",0.5727960440073563,0.0,0.8965455871124047,0.5166481994989943,0.1275114869610314,16.90683553121334,0.2963339323202226,0.1560408688945917,141.7738317363539,53020.76383267406,26871.188738239583,12498.299355658512,3.857041157862707,3.3581329215059257,0.227331790894251,184.18779100141805,0.936072980715684,0.7480274577120998,0.3870144235277457,0.730165018017449,0.7525208162296741,1.3167901157082094,0.5922127368083571,-0.0943693817574859,2.517479399230121,9.483325860517542,2.2807815434669907,3.683309313276198,2.842310009613038,2.625293464820634,0.1030174563998546,0.0,2.8066413277157585,0.9252443837140276,0.0,0.042694127914851256,4.331066638559413,0.1338402968373147,1.311674999065253,0.9145364044075194,0.12555836133155848,0.6034235123842542,1.307795608832758,1.6278990502562238,1.257231329607787
17,299.0,26420,"Houston-The Woodlands-Sugar Land, TX",0.1347061692846253,0.0196294788217031,0.226431770711011,0.7173994310577961,0.0,13.81308080674726,0.0537583677167685,0.0,36.051379205398696,11739.444336356852,6663.575824912924,4068.037712224197,3.344820110592136,2.8988994984581304,0.0108215753334232,304.09646099605186,0.9959830790418313,0.1648584384523771,0.0228563566853488,0.3015532650250632,0.7743270041871589,-0.9255669019252988,-0.0720128283776646,1.8609169513945392,2.3808375702605877,8.719049283206074,1.9265903803495306,3.0718310715242465,1.486157790785239,2.7504333307958717,0.5379734800282839,0.3867175486886156,1.4304661744240244,0.4342903672116734,0.5953182678448211,0.346935965329941,3.3515757489078037,-0.11014454821398391,1.274246365076041,0.8749792541662824,-0.39275541256812097,-1.5162968441589573,0.5444360682523729,2.552815199137395,1.183705788542562
18,306.0,26900,"Indianapolis-Carmel-Anderson, IN",0.8006789223218361,0.7079781366406668,0.9820215258521612,0.0,0.0,7.610969693632305,0.0098694202514961,0.7602562212341749,117.78104133397044,37465.19434195871,14078.0629341334,6160.775200683541,4.098282088494381,1.528415439354402,0.1184792282099152,49.621030960065795,1.0,0.8645423846835693,0.0333066288184939,0.942751678210004,0.2008682816088789,1.2957383714811452,-0.2726643154955358,-0.9226655441105668,-6.099395507123976,7.451581376982862,2.2250007860211167,2.9174748858023336,4.59940376440452,4.491570144709438,0.4269118137579952,0.40288408218807603,1.782946464029313,0.38764297754212107,0.41182276286078306,0.16261144417827136,2.2962096049507292,0.12326121962093842,-1.0486407214793412,-1.5800073078007995,0.10308450056679162,0.5835231082880576,0.31383785726636093,2.2675466220015617,1.2863339375512408
19,326.0,28020,"Kalamazoo-Portage, MI",0.0960687223347588,0.0,0.967026783704704,0.0,0.0,16.859816940505663,0.0575437017030534,0.0245704854077575,54.97051541751069,14957.917323130016,11302.04388301198,6669.265886413084,4.612911696301298,2.145209693150274,0.0,118.87703503638684,1.0,1.0,0.0329732162952959,1.0,0.872083427113812,-0.3005089259798881,-1.464409525119197,0.1339495948540396,-4.627464395509736,5.5836851514291626,1.8267698083157384,2.5021462925723488,1.5949829978814787,2.344611146224548,0.16529160445733893,0.10806609121268719,3.0893298031264482,0.3818942766383198,0.053516319323735066,0.07275097825702438,2.358925298438099,-0.4584497128241037,-0.6454525378212641,-1.1538903525025954,-1.1326840105917522,-0.925423889847034,-1.0557722923405966,2.082737784927688,1.2280128697691115
20,329.0,28140,"Kansas City, MO-KS",0.7994327659099127,0.197901461063242,0.9676680355259696,0.0,0.0,15.606272139831912,0.6519253962213425,0.0,95.16838105407848,74903.5119666324,19021.54830482963,4519.94747972744,4.234576666534135,2.9083602655927843,0.0279527506877429,81.49330432790524,1.0,0.9926142183396852,0.1053699801392336,0.973631945351653,0.8342089867601202,1.3709051013829177,-0.5913903250525682,-0.7481380905429286,-1.583456612437406,5.712361970590722,1.5886067563037432,2.751730318619038,1.96004262847365,3.2427945848665676,0.24445312826792143,0.38164817525346406,2.7341322517723397,0.5057843596146729,0.2747238295005241,0.027498373169245287,2.5674168610837156,-0.046738237441304974,0.18835548445228908,-0.2726647854960614,-0.2580570290733048,0.6545788974664131,-0.05245719817664491,2.2568035311259216,1.2674900749631166
21,351.0,29540,"Lancaster, PA",0.0,0.0,0.0,0.0,0.0,12.0,0.0,0.0,150.0,33000.0,24000.0,15000.0,4.0,3.0,0.0,270.0,1.0,1.0,1.0,1.0,1.0,-0.6004790131135795,-0.0128351316453448,-0.0581910907330377,-1.989647488229625,6.7112979576759235,1.4719397789064397,2.453554471388624,2.661029585751709,2.8438402332454134,0.32128563681463,0.0,1.9566712088209048,0.6342377769726276,0.12173385226182706,0.04227448923237165,6.209255184055143,-0.4609756234075731,0.07709255907696823,-0.39025508431967426,-1.1380499760343021,-1.2089883245249604,0.6124458856365287,1.8397204031978305,1.1977553423401888
22,352.0,29620,"Lansing-East Lansing, MI",0.1135561673581759,0.1608243824886579,0.9854492225367404,0.0,0.0,17.266237543138548,0.0947787816510915,0.0234983907867695,79.03833998991819,16876.349916631123,8957.945630889139,5544.866047539649,3.5998681608437706,3.1045406956454302,0.0994319283415409,114.04923610841831,0.9944646942494862,0.9464112606149908,0.0619159331497925,0.980883322346737,0.8326709062003179,-0.073288793634825,-1.3467954603178842,-0.2582110287499035,-4.4044334799746085,7.0837188412393814,1.9687283779936562,3.1720820599097705,2.241922778170703,2.747938563243325,0.26197040879594263,0.17656713027341062,2.7995501304310015,0.02141607319610172,0.4768848921938447,0.0,5.199123490394303,-0.2929428936681485,-0.58436039225503,-1.0893239784954765,-0.7810865004069765,-0.710630644988738,-0.9206046276522044,2.3541827399091457,1.46693387768439
23,370.0,31080,"Los Angeles-Long Beach-Anaheim, CA",0.272974409092824,0.0260778165976063,0.8814203324716215,0.8169311346688586,0.4440034381577321,30.463392301664125,0.149844279756927,0.0046808008496243,40.48132579011643,29470.095066038837,11410.15579098008,5664.232430355311,4.625272693714655,2.166484153216337,0.5823578658564543,248.32155339932368,0.9704754139835636,0.7730955545774956,0.0202383947629772,0.9068978912306728,0.5769266845215638,1.8078889262472484,-0.9209034944762876,1.9336478289241537,3.803470357889872,9.203536581293651,3.165957727012055,3.5927675874922014,1.5146516225320106,2.5999078559747857,0.2301059121701826,0.03993002972330442,1.6759946974781275,0.6770446807666767,0.8236657514043908,0.23546831769842624,9.289481453895565,0.6363559992435919,1.663930858549131,1.2868245825167168,1.193087002724359,1.0676636568338562,-0.43114936964708833,,0.4868454797699552
24,371.0,31140,"Louisville/Jefferson County, KY-IN",0.0,0.0,0.0583759808938928,0.0,0.0,8.547731149778233,0.0,0.0,1.7850562947799389,133.87922210849538,133.87922210849538,133.87922210849538,4.0584783350392355,2.8795632889798704,0.0,157.47519617877856,1.0,0.0,0.0,0.3719549641760491,0.0,-2.2582645579504175,0.5947323019288806,0.8197536489285494,1.2401727449553563,6.372057865043291,1.5230642630764046,2.4848010696017413,3.5001358903332953,3.635208908748403,0.2821490050524662,0.6944770254577989,1.2397423976440476,0.34477118398240864,0.05611979508084941,0.09792850746311593,5.587053360605645,-0.09004369908596707,0.9617979254387352,0.5447622905192722,-0.3500537973594388,-2.7761079841241707,1.3106912126361536,2.010174004054086,1.2477103268520258
25,379.0,31540,"Madison, WI",0.3733411925889344,0.0925745965493619,1.0,0.0,0.0,14.352344235395323,0.0899459941692819,0.2103041213299135,80.50588647623903,74988.91717512865,27773.953471082717,7498.510458651288,3.6082107979799583,3.3664112408596325,0.1490656513358079,195.8183396791512,1.0,0.9159484475315034,0.008889455321725,0.9790508355769384,0.6460467413295948,0.369745054036932,-0.6454910982627386,-0.6884800605854868,-2.1703932133786203,10.011637495801825,2.9397062196093504,3.2641438510726593,2.38584875913672,3.633235157788495,0.10483630775469237,0.0,1.888625650173785,0.6876883583366793,1.0,0.0,4.670886456272796,0.5259637297473335,0.02758308132235695,-0.44258009972015094,0.9585731180610477,-0.291826744377682,-0.11463237412187283,1.7132636899636229,1.0117295956140355
26,407.0,33100,"Miami-Fort Lauderdale-Pompano Beach, FL",0.4211216728636247,0.085469088608121,0.8147642441219389,0.7587965634868128,0.1361748849256063,19.75100160135562,0.28046446686387,0.0233433275620181,62.189433868168685,23590.816195342595,10407.534574838368,5400.968722957434,3.661447011484314,4.072140769146723,0.3109713304389618,190.51873063241143,0.9981707411079184,0.9127767265180872,0.0486539965854727,0.9967121601811428,0.3019952931271747,1.0969788437342076,-1.0153500320533415,0.3948644693801449,0.2242228044659913,9.484178991623793,2.8234662273410027,2.9921902844265453,2.678119623949264,3.0632121046250997,0.5039112035064415,0.11609632422772134,1.840975507189057,0.6142728025926488,0.8055824233647262,0.09238835669219661,6.823880468269054,0.34839646155717663,0.6835111170675087,0.250649684324033,0.5813547671534496,0.3956339302004679,-0.5396918126258327,1.5441895366360685,0.7387415860663531
27,410.0,33340,"Milwaukee-Waukesha, WI",0.4079912882169335,0.0633946830265848,1.0,0.0409124579764098,0.0,20.425623785193768,0.0,0.1071435354897528,133.44318030731827,51561.16786010497,24564.67999301755,11216.001443522196,4.560460154355575,4.395094557034954,0.2188772183074069,174.3355745914769,1.0,0.7030206335036436,0.0212856211260739,0.8530772980810019,0.6738716151620481,0.3472262333536589,-0.317654708762242,-0.809162758566479,0.660426237558949,8.756225793803562,2.393205874348009,3.2410256099969312,3.140325851187573,2.6629167815969077,0.28496395949504144,0.13455366020805992,1.7965380400133506,0.5527386106565488,0.4926244439114217,0.0751590518599806,4.9668015766284626,0.034235317144766325,0.8029950171674879,0.37692847368690663,-0.08603934225856004,-0.3131139891082541,0.2621327622885947,1.6289950207778423,1.1474778613632886
28,413.0,33460,"Minneapolis-St. Paul-Bloomington, MN-WI",0.6698615254753136,0.012384797449366,0.9742237832630898,0.6224252100658244,0.0881099443797111,29.95462913076924,0.0340941437656915,0.0953660922093182,96.29192328793027,30492.84774499964,22101.740000657577,6578.422172471158,4.224312182783614,3.38668658898015,0.4273858267251203,166.00055157360995,0.995642568481311,0.8726209694497167,0.0806538511164933,0.8036811628747622,0.6157698834899245,1.6220898871530458,-0.5999155948802792,0.2842314140318458,1.7860163147887562,8.632334986064205,2.143572378615984,3.039229343020406,2.0526309174386217,2.449342211851834,0.3943996261844152,0.051499495809615374,2.113686434651113,0.9302431919542444,0.5999880458624526,0.03669965634230429,3.3725280339645383,-0.09000061673079678,1.111314214445776,0.7027813704960724,-0.349962274551569,0.8920261458144051,-0.06225484283246716,1.842463229427696,1.1816440056650437
29,444.0,34980,"Nashville-Davidson--Murfreesboro--Franklin, TN",0.9381788452259692,0.0,0.994306545863936,0.8800434246501904,0.0,1.7369618828070552,0.0,0.0,5.9675655390553795,12924.705730981612,8103.693741336131,4596.813890526993,3.3334986329276792,3.013831555245805,0.8800434246501904,165.82674904841045,0.99492306867528,0.9539671902643008,0.8800434246501904,0.99492306867528,0.9209993030611698,1.6988758629449636,-0.9326723268249876,0.65945195935422,-4.492804546375635,8.4712908813051,2.5428670110077523,3.108296382877621,2.4813500303684655,2.9094479191577696,0.40316949078747544,0.0,2.0544188627886752,0.4062509481737574,0.6511978923229714,0.0,4.37738781412241,0.052616571973172606,-0.6085668034579852,-1.1149069758614087,-0.04699077939753551,0.9646126227684352,-0.444674670276484,1.84251270548666,0.8892784891255364
30,455.0,35620,"New York-Newark-Jersey City, NY-NJ-PA",0.1132613264971387,0.060553294373504,0.3927412006269211,0.7780852175392129,0.1568486276987376,10.81494648085825,0.1570299002514974,0.0729830998578492,58.494614917321734,31318.327757906376,16311.098349718926,3862.242974838106,4.67586778767298,3.2913801985250344,0.2396175294932387,195.9803900032804,0.9787409333349532,0.3582966211865333,0.5156658607408847,0.9334994593412468,0.8579831606060238,0.8284008616435091,0.162045743035798,0.8542106115460314,3.27069860032711,8.88781187684978,2.0499471899261557,3.939442782850504,3.3358679629312835,3.4465791536233996,0.7017202540730576,0.1466894117518731,2.859970354522197,0.5478503380241359,0.5480345890721783,0.7562051248698413,9.495187989375456,0.9199742809681937,1.5179951720614147,1.132589729125688,1.795596809908133,0.14174473616044908,0.8134272858563564,0.9675111819180277,0.7164195399496872
31,475.0,36740,"Orlando-Kissimmee-Sanford, FL",0.7303150473672615,0.1419431592861864,0.977276933245208,0.6757369464639789,0.0,18.94225159726812,0.1632562238378497,0.0554659616655651,66.80315047367262,33006.58151575237,12707.889131233016,6912.329411764706,4.232414628772857,3.5014496585150914,0.1683168098700154,248.57838290372328,1.0,0.951044282881692,0.0472328706763604,0.9852368363075568,0.4641573033707865,1.351792139525564,-0.7901434573300705,-0.2684523254775747,-0.8571795386671608,10.91888088483535,2.163909083425844,3.488256382230908,2.5995230550923,2.784381528910422,0.6875029019919204,0.0,2.603407544483029,0.9542308662323175,1.0,0.26439963105461795,3.252867143848861,0.2781715633477496,0.38729572825540504,-0.06241107665335202,0.4321711897677474,0.6365112418681875,-0.28087372969297747,1.8325494983140451,0.9272926061838044
32,500.0,37980,"Philadelphia-Camden-Wilmington, PA-NJ-DE-MD",0.1207361087117289,0.1375516883660646,0.473602020643859,0.4842383992116221,0.0958733557376532,16.527796192740695,0.1190051494760742,0.0873679122367925,81.16603379710673,39072.97624058461,16126.025646970607,6645.881873520834,4.586917301167333,2.9801709854127965,0.5244555435373692,213.3869034296651,0.9735696821723964,0.7610786922662546,0.2650716424794757,0.985622570891461,0.466377776321601,0.3827632010699938,-0.2829982204500058,0.4931328777632421,0.4735085717808127,8.876428368507735,2.197189590971898,3.8210017078269147,2.805267409484785,3.235727919394592,0.6513175099867827,0.12939795212881994,2.2985186805537245,0.7287274616302651,0.5414288646270333,0.07199642730481962,8.640577470430701,0.39878697004470254,0.7517949347967544,0.32281671125158623,0.6884027873589749,-0.27952057232146943,0.3019616432934219,1.57169883497063,1.1180549854414474
33,501.0,38060,"Phoenix-Mesa-Chandler, AZ",0.4705250621454592,0.0,0.99700455058963,0.0,0.0,32.42445485336078,0.1606081451289224,0.0318071013695514,84.07867784646982,82732.14893693809,25220.20141728941,4442.449969214348,4.577183402651175,2.0930054779868916,0.1492694012491428,160.5837178350086,1.0,0.95714177913728,0.0029790449776735,0.9940255056119564,0.6927241966475901,0.8566696954900601,-1.209135401365329,-0.4105554181860057,-0.9882371281494552,8.239948988811653,3.0316045656452446,3.076899675526867,1.5526430702929295,2.395531691024255,0.41560154955705453,0.0,1.6175913057446663,0.8919950206658153,0.9495509225176846,0.0,7.6583646360819095,0.261123721548597,0.35139671705778003,-0.100351616504889,0.3959552878419303,0.16846752030635245,-0.7623991551951761,1.9417855131123416,0.8601934084771201
34,505.0,38300,"Pittsburgh, PA",0.9741874450976418,0.0,0.9980895515053227,0.968707959383005,0.0,53.58280964930063,0.0,0.0,25.779782417730928,8320.580751770696,4182.240937655492,1516.337221802456,3.1323799519623563,3.99643096278004,0.0258125549023582,98.34308829220647,1.0,1.0,0.9945205142853633,1.0,0.992610065790686,2.7441537387911694,-2.627514553552657,0.436710053347998,-3.3402886535058514,7.634672680371429,1.9303069129880643,3.2301673191483466,2.7391973395629505,2.989151776186311,0.5021092326845236,0.0945968986816651,1.9779347984165185,0.5047317539435423,0.37553761323075274,0.08025187680343206,4.534563043519143,-0.14116576287937138,-0.29287214504857906,-0.7812591853314051,-0.45865591077647677,1.9527232466573134,-2.392467786593438,2.546482299167066,1.5254127280387813
35,515.0,38860,"Portland-South Portland, ME",1.0,0.0,1.0,0.0,0.0,16.643928110416045,0.2945089861979942,1.0,171.78035944791978,91398.26035150432,43194.113792076256,19178.23056300268,4.705491013802006,3.0,1.0,84.6589216562407,1.0,0.7054910138020057,0.2945089861979942,0.0,1.0,1.727057358294293,2.519674634531638,-0.9336518504712616,7.845154034201595,7.92851590862653,1.6391609331921637,3.0126987611167464,1.9226877428165705,2.3466028637386844,0.45603895338820005,0.578554601071221,3.440277806904963,0.6611018575035478,0.459305611402199,0.25506675323230055,6.586601331848944,-0.04342491487078615,2.7710201017308416,2.4568725072050297,-0.2510183102327493,0.991252845043497,3.522926290109952,1.5994956416252193,0.9512217587808106
36,516.0,38900,"Portland-Vancouver-Hillsboro, OR-WA",0.9777780316053388,0.1458048967143926,0.962957674888776,0.1789750823829077,0.0,17.524692027847422,0.2312489648594778,0.0,28.228810316567387,26012.587879860876,11095.175242185487,4767.011427951364,5.07960159226029,3.727590992421343,0.6000102800162196,202.6591375066392,1.0,0.8692267714466838,0.1464845200089093,0.9886976932785828,0.1750572539792229,0.6513989144737916,-1.2131267307982074,-0.4775404218518511,-3.7120085844330424,9.67667391706077,3.0734728324693283,3.9733830585106946,1.2831719062991307,2.1683966475072776,0.19864469198436482,0.0,1.069532786087887,0.3965987819496376,1.0,0.037116800362690175,6.67252559726002,0.34430829349596953,-0.3946928638291454,-0.8888703119259393,0.5726699907867253,-0.02557680434936738,-0.7669861803894469,1.301726957436535,0.7769742294832149
37,523.0,39300,"Providence-Warwick, RI-MA",0.5615637096973882,0.1690295458484767,0.6989000437451337,0.3213025044776859,0.1586586476425775,15.687927993859171,0.4602799688556658,0.199662144502007,128.86139533220165,63919.7184354099,30844.25265317053,12333.080290203568,4.909261862772341,3.207984724969667,0.2777279492886601,275.0441660774371,0.9741202138284144,0.6968489747406243,0.2144158098764956,0.4703344714404804,0.5309998927006154,1.0348163223711635,0.987209524099124,-0.2865110600394247,4.406767376170333,8.458857136552181,2.589062588065639,3.80508666142328,2.4543903160547766,3.0861728263198698,0.7383863397088825,0.8112718321310219,3.111473324092972,0.5307116113687098,0.6548050984321406,0.6713195659892506,11.294641624248833,1.0172545126133532,1.8291846717796114,1.4614761586276572,2.0022558914557442,0.3368711368936471,1.7617446615051944,1.2975739177885086,0.8892879844648913
38,531.0,39740,"Reading, PA",0.0,0.975434080078874,1.0,0.0,0.0,16.852604480473243,0.0,0.0,26.5967847948732,19631.511201183108,7828.758832228734,2073.6977597633786,3.0736977597633786,4.0,0.0,149.48411568165636,1.0,1.0,0.0245659199211261,1.0,1.0,0.0823581256783246,-2.1337178235268115,-0.8898756028578354,-8.300503322404788,6.961868053850275,1.8687260335653466,3.358919145738338,3.7146401320773887,5.089788578574149,0.6122951111941022,0.0,2.0218015321555267,0.9478864654217587,0.3549764397287028,0.0,5.0357182138560015,0.40110573040378145,-1.6515634092846194,-2.2172174008070753,0.6933286893437087,-0.5634962053313481,-1.8249731511422114,1.9629493904248747,1.3301196386352492
39,539.0,40140,"Riverside-San Bernardino-Ontario, CA",0.8318053498168893,0.0,0.9000943672409268,0.6676270906571645,0.0400490422482855,24.709044976400214,0.1856003407750238,0.089187013855153,72.609908320989,77500.10768873648,29892.996223796123,6925.50739343003,4.436420968831689,2.768819404393541,0.4388331965287533,202.77690084579532,1.0,0.4226623367817659,0.030254153395027,0.9307657147780056,0.7001498867672878,1.4067887755953057,-0.4458044185282369,0.6099021277265123,1.6577740019211902,8.46972689101207,2.895376451943071,3.850666550534324,1.6054711818445517,2.743727715778839,0.3428351310621257,1.854059568050772,2.979097021460347,0.8950567610636178,1.0,0.1413670915324303,7.324076508233464,0.7909515364704721,1.0761863577239486,0.6656558396418482,1.5215049268428236,0.6885000590376591,0.11485703443388155,1.5816090685451238,0.7305997684516974
40,558.0,41180,"St. Louis, MO-IL",0.0123706562330104,0.10478961863085,0.9272733754601118,0.0162565396030338,0.0,13.764271263179472,0.1034616447268741,0.0315059580574148,74.925245764298,33134.28846445219,16652.096862518414,8247.91659610877,4.553586866427215,3.4873441413178137,0.3079919073805046,175.88156077040313,1.0,0.641946150212565,0.147454122512277,0.8655448703665742,0.1386752346235773,-0.6336966614532944,-0.6364975251294246,-0.5205202994249708,-2.5408549861773104,7.429859394084318,1.8253076214335606,2.949747821933144,1.8962348328108065,2.4976588508211868,0.44517904992475466,0.2031153073839563,1.3855820097362574,0.4388577282835478,0.18906775727323316,0.19199749776202588,3.134459333200374,-0.3949996544710528,-0.07389300550731015,-0.5498269956066238,-0.9978926911054534,-1.2403892677416197,-0.10429653308374594,2.101897891948749,1.4486882638004417
41,567.0,41700,"San Antonio-New Braunfels, TX",0.9367209065511576,0.0,0.9807398166503896,0.8230171971876576,0.0,67.51127562594901,0.015500946755262,0.0,11.70683372532567,9914.1588881773,3158.131210161145,1141.1304480104247,3.841685571672082,3.6638636783560496,0.8818216043577137,139.85032931523824,0.9956447868724012,0.966678104600133,0.8364676512550933,0.9944208816840712,0.936627828631046,3.5488325637305387,-1.9453724460530184,0.357014243747436,2.9390729531719004,9.713300343560116,2.4740199537560508,2.9371458611870227,1.4494568786498783,2.9070032012974614,0.08538316012859959,0.0,2.013475593865824,0.9047802633427703,1.0,0.0,3.9233864971968013,0.14420110697106295,1.427156992695596,1.0365857042433,0.14756854233256292,2.713393413044721,-1.6085177053501354,2.541143306152353,1.1480746862257774
42,571.0,41860,"San Francisco-Oakland-Berkeley, CA",0.5297934004356952,0.012795983985128,0.9164047552740936,0.8178157614599043,0.4321971984824209,12.788745706642365,0.0772418590464616,0.0303142092807653,47.89177061745987,46187.13822170302,14409.751211411149,4497.068153624143,3.880386363006176,3.068085509096674,0.2622013336082047,248.11588659869628,0.9942686915521672,0.8572025331563548,0.0686002900615928,0.6912182225228125,0.7990654374613462,1.518789083262673,-0.4877407294613682,1.474267797746501,1.9108283111888011,9.520387236340836,3.093326802783685,3.5160315408738056,2.1903951238716144,2.460081233305968,0.5316083851282659,0.14511897590880196,1.9550296741156517,1.0,1.0,0.8549592152955098,11.159460834930732,1.2412982702765758,1.1455024463067658,0.738913841282936,2.4782074429903265,0.7943749622019077,0.06666183580646051,0.8271410950962615,0.5309009919963087
43,583.0,42540,"Scranton--Wilkes-Barre, PA",0.0,0.0466036491536601,1.0,0.0,0.0,12.492342639407928,0.1803693119366893,0.0,66.61390781856818,6121.079724481571,5991.0535893114475,5867.07518135854,3.498058181285264,5.223419066461493,0.0453579541291126,217.9565838645856,1.0,1.0,0.2723309152194622,1.0,0.1803693119366893,-0.622661445396592,-1.3095911519122023,-1.144002857522328,-4.485245704315311,8.301483843898572,1.9649254994896206,3.4757326796359362,2.93421858478632,4.033716968704265,1.0,0.5965482283444862,1.784254721759606,0.11955833382669526,0.624509505296705,0.0,4.0340957007372555,0.09561221641412036,-0.6064963018041964,-1.1127187275535153,0.04434782291094338,-1.229957578260285,-0.8778476708882494,2.180033573808946,1.425379835039235
44,584.0,42660,"Seattle-Tacoma-Bellevue, WA",0.5897597664163404,0.1482072405413151,0.9589279900096866,0.5987952188750667,0.0334306869233586,25.99476206831315,0.4560532578538527,0.4673094114695358,38.25616092329203,43135.22837983003,13246.515121573288,4108.23587581287,4.568648896185672,2.9920582530105317,0.2419346326262003,172.67194600813744,0.9944583965644496,0.9575728345321872,0.3097524912856763,0.9898651583761844,0.4223919752710514,1.763516360318971,-0.8928339088727841,-0.2498146947705169,0.2139477284546223,9.956390385219912,2.8785513367295827,4.352912601417334,2.3269944996377245,2.811937142352421,0.35226525721655766,0.0,1.2991815195701335,0.7655748482090519,0.9454166834286328,0.1318531233669877,7.412442992856395,0.836325280291015,0.6806965904899509,0.24767509939211968,1.6178954890953199,1.0257178691958602,-0.39889046981902865,1.2620225472875914,0.7138873480615666
45,678.0,47900,"Washington-Arlington-Alexandria, DC-VA-MD-WV",0.4174413388207298,0.0826854434453568,0.9869784860246932,0.463726618424389,0.0,24.29267588601299,0.1815092941153523,0.0617683200374495,70.15254832354834,20525.236809768085,10937.085128765271,6188.12810860364,4.094556164543876,3.096323314283485,0.1866156936940451,180.7833115527902,0.990508884511108,0.9556106028984376,0.2388928982426027,0.9951393629678752,0.5617000526634028,0.8475809688996306,-1.2367543525096445,-0.0587439712277062,-2.5224690138179757,9.730517819693711,2.471595076202213,3.768516265261429,2.3467337859888686,3.4378864556321855,0.4757925332356959,0.15116474513921557,1.1404910833284774,0.6221662285340884,0.4014477873249444,0.19066992538530084,11.79899136430677,0.600391848561141,-0.06885675976057948,-0.5445043453139994,1.1166858858377813,0.1598758649110305,-0.7941401645177129,1.497100995080937,0.9715496785161788
46,689.0,48620,"Wichita, KS",0.58844287604764,0.0,0.9456881340979268,0.0,0.0,16.481693868548742,0.0,0.0,106.44436479929422,32344.97132774592,16129.73184090575,5574.2225408028235,4.7468570798412,2.41155712395236,0.0,284.7626819585355,1.0,0.8462174680194089,0.0,0.8462174680194089,0.2034627260696956,-0.3105094616547093,-0.9319732799238716,-0.3952399352578261,-4.033677599332198,8.3503444988195,1.7210804572775145,3.0533785737179007,2.1362613859013533,2.7647080710291387,0.2874483962451228,0.0,2.2259059783242163,0.4054994588953437,0.5047827990873874,0.0,2.9251806254287525,-0.2167377846282242,-0.48280374404149545,-0.9819919398072062,-0.6191987501714439,-0.9348774866113115,-0.4438712924041936,2.58309806884988,1.4934513099935425
47,703.0,49300,"Wooster, OH",0.0,0.0308220988633359,0.8017446471054719,0.0,0.0,15.322971186888712,0.6274385408406027,0.0,61.9614062913032,9203.098070314563,6277.148206890475,3960.074015331747,4.913137721385144,3.5150938408670367,0.1434840074015331,133.5176843774782,1.0,0.1743061062648691,0.0,1.0,0.0001586042823156,-0.4396930734190161,-0.3063333838355812,-0.2218912816189867,1.2378605040922663,6.0,1.0,2.0,1.0,5.0,1.0,0.0,0.0,0.0,0.0,0.0,2.0,-1.3924320936203003,0.9611645614270549,0.5440929079451003,-3.1168069689029596,-1.0569959224514565,0.27514376615195363,2.2189555527431915,1.4492723928623583
48,704.0,49340,"Worcester, MA-CT",0.4163164805488469,0.0255807546148862,0.8249309349410868,0.7256137668443039,0.0681665305636155,14.632395173760989,0.3789034479163822,0.3486662314678528,147.63668428146278,51931.04633874519,30394.56169439611,16596.32149443632,4.8426061293533325,2.90894333562516,0.6520486198157769,188.4264038264401,0.9746128509410968,0.6250381626336313,0.5349544902837314,0.7037760529784229,0.7168891062125045,1.5886838373057637,1.2709129730469575,0.0321425158662946,5.074145746143088,7.52102128942004,1.642689490245322,2.7946926850863707,1.9640078847319613,2.2603457955896724,0.551082483957917,0.49817405867506803,2.9951711987085434,0.27810950859781486,0.04361983776263087,0.4140735207670995,5.839467642554342,-0.23631334007986485,2.0119915101423858,1.6546789768850907,-0.6607844479232406,0.860447104949756,2.0877901282876077,1.5213696304861066,0.9956502489713674
49,709.0,49660,"Youngstown-Warren-Boardman, OH-PA",0.0472322350273307,0.0,0.6640605168299741,0.0,0.0,9.620635968252357,0.0255538068402971,0.0004061532213027,58.14497977695419,8945.686822020274,7472.2310342965775,6202.921426274729,3.954020070738353,3.6368482510026903,0.0725829652569765,172.88473710040446,0.9193447394696316,0.5645022084581408,0.0575383730178876,0.8622632888257095,0.4345501006921528,-1.1851216272580585,-0.603278060974248,0.1465767526197801,-2.2482705186256293,7.907092548462564,1.9122768412542541,3.4606355493861103,3.4710162837329337,3.0742996198834294,0.5509838227630371,0.10903993633883574,1.340016061591292,0.34034209100518237,0.346923114426823,0.11628075277435068,3.7698754781322887,0.4709189366729358,0.006251098457824495,-0.4651252038604467,0.8416376812476694,-1.7616562720280633,-0.0661191484347218,2.6518384957369716,1.5748170069951086
