csa,csa_name,Accessory Apartments Banned,No Flexible Zoning By Right,No Flexible Zoning By Permit,Affordable Incentive,Affordable Mandate,Zoning District Count,Permit Cap Or Phasing,Wetlands Restricted in Lot Size Calc,Longest Frontage Requirement,Highest Res Min Lot Size,Mean Res Min Lot Size,Lowest Res Min Lot Size,Mandatory Approval Steps,Distinct Approval Bodies,Public Hearing Requirements,Max Review Waiting Time,Multifamily Not Allowed,No Mixed-Use Buildings,No Conversion to Multifamily,Townhouses Not Allowed,Age-Restricted Provisions,First_PC,Second_PC,Third_PC,Overall_Index
106,"Albuquerque-Santa Fe-Las Vegas, NM",0.9684770500519001,0.8144509987594623,0.9771006860933188,0.9684770500519001,0.14143079571634726,0.48879718473885414,0.0,0.010601534216056103,17.97300248107547,12527.406611559787,8162.755133041343,4147.787475632294,3.878091850426593,3.012892731461556,0.0,96.04732081824856,0.9877022203093749,0.9664833286918656,0.0,0.9877022203093749,0.9684770500519001,1.4877815172850806,-1.4223481847291273,0.43886411946734044,-7.553541875689923
107,"Altoona-Huntingdon, PA",0.0,0.0,1.0,0.0,0.0,0.0,0.0,0.0,100.0,43560.0,20385.0,7200.0,3.0,4.0,0.0,165.0,1.0,0.0,0.0,1.0,0.0,-0.8900615704031469,-0.7549821782009508,-0.06987944006562484,-1.9163439090268457
108,"Amarillo-Pampa-Borger, TX",0.0,0.0,0.0,0.0,0.0,22.0,0.0,0.0,50.0,43560.0,10382.5,5000.0,4.0,3.0,0.0,270.0,1.0,0.0,0.0,1.0,0.0,-1.166845662032371,-0.6246128099509525,0.3101180644691687,-0.05281179240840783
118,"Appleton-Oshkosh-Neenah, WI",0.0,0.0,0.44759309718437784,0.5524069028156222,0.0,12.14141689373297,0.0,0.0,64.8819255222525,25241.542234332424,12050.948228882833,6622.888283378747,3.4713896457765667,3.2161671207992732,0.2329700272479564,198.51099000908266,1.0,1.0,0.0,0.8723887375113533,0.624613987284287,-0.013824230348918479,-0.69963034053704,0.518997255202739,-0.9280990458051296
120,"Asheville-Marion-Brevard, NC",0.7816496686326538,0.026232724254580668,0.9703970120348596,0.6549629648260165,0.0,34.699744715099534,0.8130132421182359,0.05628843421069178,42.77417975578164,23357.789710635196,11071.157744270762,4872.615727058942,2.995271570316528,4.9605000062878055,0.08252115846527246,142.15855330172664,1.0,0.9450194293187791,0.5986745306153246,1.0,0.23422075227304165,1.7990011790794334,-1.703589678434125,-0.5586311359856341,-1.67049256200215
122,"Atlanta--Athens-Clarke County--Sandy Springs, GA-AL",0.5885927463269667,0.14821777717833606,0.6703468106794825,0.5235585185103628,0.07452956822763127,22.82379808111364,0.11322934242772063,0.36485815710205405,78.55944519833416,57668.23484291721,21169.980077720764,6978.808121199777,4.462672366256447,2.6988328319125645,0.22357218945172186,126.77218523116278,0.9950344204943009,0.717714328706316,0.29252786715882056,0.9956647518173636,0.706139904193309,1.42410461432088,-0.32818925039957414,0.1845711783715471,0.37644128067003013
140,"Bend-Prineville, OR",1.0,1.0,1.0,0.0,0.0,0.0,0.0,0.0,50.0,7000.0,4225.0,2400.0,6.0,4.0,0.0,557.0,1.0,1.0,0.0,1.0,0.0,0.43699947404113776,-1.650881743088124,-2.025667849980477,-7.656571855524771
142,"Birmingham-Hoover-Talladega, AL",0.14407120378200775,0.19024760505191943,0.9655279976709044,0.0,0.0,20.527730795358444,0.007871095645422911,0.0338308078357433,49.19157505094897,18795.352483675535,11066.611276044709,5526.761170647849,3.9977852795607993,2.668682674578198,0.36985831334655,156.10280947165575,1.0,0.7871684851173559,0.021835271935783506,1.0,0.06531172450125466,-0.24212956055663581,-1.0996669882186298,-0.3756658829055663,-3.8851110683177104
144,"Bloomington-Bedford, IN",0.8562136999412673,0.1437863000587327,1.0,0.7929781818972831,0.0,22.533053446738162,0.0,0.0,35.66726849535577,17742.85962889648,8528.965652259032,3709.5973548541474,2.5578299362641665,2.207021818102717,0.20702181810271694,152.4083661438733,1.0,1.0,0.0,0.7929781818972831,1.0,1.1853643927708253,-1.6213245201964874,1.110775878410074,-4.846362672610747
145,"Bloomington-Pontiac, IL",0.004847557086363056,0.004847557086363056,0.6176808266360505,0.0,0.0,11.433601224646,0.6176808266360505,0.0,56.75851511672407,270577.4205893609,65194.11353488966,7400.255134583493,4.31292256665391,3.505421609899222,0.10256410256410256,239.02793723689246,0.9161882893226176,0.8974358974358975,0.6176808266360505,0.720244929200153,0.8136241867585151,-0.21261233550966954,-0.18846768329200472,-0.4449294714431411,-0.06488960799685493
147,"Boise City-Mountain Home-Ontario, ID-OR",0.7612976664769493,0.03231157004634523,0.9872509960159362,0.6740629319456867,0.0,20.303646637938044,0.27395723229530855,0.4158671436702171,57.00991950565086,26329.5615903732,12996.362420289686,4894.356126514351,3.726518416131393,2.650081307423368,0.5155012602650622,278.0389299943085,1.0,0.9535328075453289,0.03949914627205464,0.9856776973737702,0.05324823156354175,1.147044961471104,-0.9927050653532256,0.18652886330719223,-1.7272866666476232
148,"Boston-Worcester-Providence, MA-RI-NH-CT",0.4761857686219191,0.05091710677906168,0.8528665290246045,0.6417694229299509,0.19678157117273318,17.22183565841955,0.2927517385865453,0.20878564466801774,113.23730708248257,50390.692424490146,26359.911365296357,12543.54643138239,4.757985077369795,2.954478943679555,0.4797944367765395,212.61775208712768,0.9786585095367192,0.5886793206109483,0.48047757739831154,0.7323020318046953,0.5653467097083281,1.4529370438877731,0.71299483025326,0.27248052175170057,3.475395016301089
150,"Bowling Green-Glasgow, KY",0.0,0.0,0.6908004310767121,0.6908004310767121,0.0,14.526403448613696,0.0,0.0,48.67296953071421,11775.651023807191,8652.633241892818,6143.28402077006,4.274517487998432,2.012050553541687,0.20211619476829626,228.39825609875575,1.0,0.10708337415499167,0.0,0.7978838052317038,0.0,-1.0205270194192633,-0.5110261495441882,1.2784699863452282,-1.4359424628820894
154,"Brownsville-Harlingen-Raymondville, TX",0.0,0.07018411937810881,0.9388004895960832,0.0,0.0,16.011094038907263,0.0,0.0,20.675408213755567,5803.71884684497,4417.682752155004,3130.6492356571785,5.728248131461757,3.6866064220422405,0.0,38.604494908721584,1.0,0.25748066355894683,0.12609703377692127,1.0,0.7425193364410532,-0.5590086979634407,-1.1044521347633725,-0.1390355645062934,-1.4130478949437009
160,"Buffalo-Cheektowaga-Olean, NY",0.0,0.0,1.0,0.0,0.0,9.907129455909944,0.0,0.0,69.0040650406504,10543.621013133208,7075.896393579321,4383.364602876798,4.069731081926204,3.0,0.0,59.34959349593496,1.0,0.23233270794246405,0.0,0.9186991869918699,0.0,-1.5189448594736408,-0.8819644796853366,-0.05716049095000599,-4.662239862548062
161,"Burlington-Fort Madison-Keokuk, IA-IL-MO",0.0,0.0,0.9834195190018878,0.0,0.0,16.242469014200115,0.0,0.0,40.676557498153166,58959.46811130264,19645.105064434047,5972.359024870721,6.02265451859148,2.970368546335057,0.0,119.55273742099646,1.0,0.7882295001231224,0.25806451612903225,1.0,0.0,-0.8533714449348243,-0.9590776799975219,-0.7536932470645071,-4.4923511735550115
162,"Burlington-South Burlington-Barre, VT",1.0,1.0,1.0,0.0,0.0,11.0,0.0,0.0,200.0,87120.0,49315.0,8500.0,4.0,2.0,0.0,135.0,1.0,1.0,1.0,0.0,1.0,1.076796781379073,1.089025141290311,-1.859490718370713,-6.977331303972096
163,"Cape Coral-Fort Myers-Naples, FL",0.46033990804540414,0.0,1.0,0.9111790871824265,0.0,25.22173143775621,0.0761304309904432,0.11354149793787457,129.4677411316147,67425.5503569782,22031.67259553684,5571.009756158342,4.253547977123491,4.56477939618974,0.16107006242446142,170.16329416748695,1.0,1.0,0.0,1.0,0.16107006242446142,1.582917433556934,-0.43547572057570166,-0.5411204494690914,2.249617649977753
164,"Cape Girardeau-Sikeston, MO-IL",0.0,0.7392715470609448,1.0,0.0,0.0,20.65152061545859,0.0,0.0,171.73839003085305,105853.40064911648,50725.562901523954,9025.403694354289,3.5914973754858357,3.0175101174019314,0.0,377.5942621308651,1.0,0.9824898825980687,0.0,1.0,0.0,0.43635180643409643,-0.08143054141562185,-2.086985645075265,-2.746471197965039
168,"Cedar Rapids-Iowa City, IA",0.4832110132223382,0.1530790839964113,0.9208424644438234,0.4832110132223382,0.4832110132223382,14.812431057051668,0.021738171228544954,0.0,112.08386404082893,28949.911311791268,11942.424507165166,5485.369298877793,3.6079039872924357,3.1746113456192733,0.09724816519833507,171.63564295274375,1.0,0.9409627744848583,0.5848715271138827,0.9602447382741833,0.6845317762645056,1.2268846810918117,-0.7361513994437301,0.7038831596811483,-3.154406914847879
170,"Charleston-Huntington-Ashland, WV-OH-KY",0.07758723908097968,0.0,0.9228517833623797,0.0,0.0,10.051631700081153,0.3270052017507683,0.38973219630955075,27.568547367860898,10760.290553035242,6259.205688666569,3475.2245001130814,4.076722497904665,3.075352215732968,0.029361288863464022,110.90877645775407,1.0,0.9169316322322296,0.12351164739845943,0.9654236566578419,0.12208815038514241,-0.45667444684986275,-0.9843303325942301,-0.3508185488447754,-3.954923980514725
172,"Charlotte-Concord, NC-SC",0.7866717523975588,0.29260434829991283,1.0,0.02381892981691369,0.0,18.08932950087184,0.26187200305143854,0.0,56.875170281168266,66869.94067404098,31633.26913960331,8735.773008391456,4.5456421643417615,3.178148158238884,0.49574297079337404,238.86733734742808,0.9707320727986051,0.8122547951176984,0.13821381865736704,0.9418796316477768,0.15341652136006975,0.4667116864024888,-0.588360435505235,-0.9381818325958952,-3.293648749676676
174,"Chattanooga-Cleveland-Dalton, TN-GA",0.6862935047137491,0.015027290125936251,0.9323535666186235,0.0,0.0,23.94774314990273,0.03866298072757917,0.0,78.88118359599588,14839.840275972876,7915.840510750843,3992.4128724334287,4.050012207704243,3.552126897116619,0.012585749277382667,164.19881230851624,0.9874142507226173,0.9766557191125392,0.6715497483637738,0.9869180666146855,0.7740157046208129,0.5233977656708222,-1.5433676069292905,-0.5601167927048212,-5.764122088359934
176,"Chicago-Naperville, IL-IN-WI",0.05177235009291567,0.033940363059105375,0.9456338326011607,0.4088161978879247,0.003593511690862399,8.96134737134837,0.08321738790372692,0.016226856176972847,69.11660590575758,22494.01262465401,11011.568365530575,5757.609523023243,4.5886276435340685,2.6343320138294435,0.5986781786501084,311.0411166681875,0.9920056314282363,0.7209693935930916,0.02862729591504191,0.9567272247979827,0.6099818803582214,0.22920387688139962,-0.7828554650140812,0.4646816890462161,0.057599869783535235
178,"Cincinnati-Wilmington-Maysville, OH-KY-IN",0.47336134453781514,0.39925090036014405,0.9774573829531813,0.008139255702280912,0.0,20.089315726290515,0.13866026410564225,0.005289315726290517,74.01667466986795,21574.592148859545,10860.189711084435,4695.919543817527,4.402220888355342,4.814770708283313,0.05164945978391357,157.81736854741897,0.9346530612244898,0.7824105642256903,0.11028331332533013,0.8028811524609843,0.7071380552220888,0.508985721102518,-0.8894938131917899,-0.9462185973011843,-1.9338738642655218
184,"Cleveland-Akron-Canton, OH",0.09879860047493923,0.17291815963391272,0.9532367529894473,0.007849143563730381,0.0,15.651891091845004,0.19333773612301583,0.014906721748375885,72.63733378297994,28495.17496405169,13874.091322607226,7914.4037564226865,4.426738048065348,3.061297136781561,0.1167057765537398,142.58546236317395,0.9962435773134553,0.7877949049418972,0.11198448719209746,0.9709650071896618,0.5271207160622199,-0.22303242548216132,-0.9312728178030304,-0.4743880080145822,-3.277237660882574
185,"Cleveland-Indianola, MS",0.0,0.0,1.0,0.0,0.0,13.267140004437541,0.0,0.0,37.166074994453076,14882.682493898381,8966.159122845944,5000.0,2.4332149988906147,2.4332149988906147,0.0,140.57743510095406,1.0,1.0,0.5667850011093855,1.0,0.0,-1.0272399603550024,-1.7995266530316516,-0.1775965669197673,-10.198078208969834
188,"Clovis-Portales, NM",0.7603228395612236,0.7603228395612236,1.0,0.0,0.0,5.438062962632658,0.0,0.0,204.46133951663248,130692.94568804067,47564.31522934688,5239.677160438777,3.2396771604387764,3.0,0.23967716043877643,162.8096851868367,1.0,0.0,0.0,0.7603228395612236,0.0,-0.03431865354258046,1.178369601285324,-1.5187208341058278,-3.904001960954163
190,"Columbia-Moberly-Mexico, MO",0.7940257822704299,0.0,0.9499545686864671,0.0,0.0,15.482196604009314,0.0,0.0,58.82410983020046,8794.498835822591,5936.671263882917,4075.160429325913,3.026662502129593,2.241978533704356,0.04716338236129252,69.35217786359249,1.0,0.8761286841955818,0.0,0.8761286841955818,0.7940257822704299,-0.14531901383846602,-1.4457425369918089,0.3761424743623936,-7.192091781280693
192,"Columbia-Orangeburg-Newberry, SC",0.7956826358644196,0.5293694376065139,1.0,0.23575080477182353,0.0,12.85366407877296,0.0,0.0,79.95455406173073,23495.72126491195,10648.69778451051,4691.286498769173,4.348986934292747,5.5860253739822,0.02113236129520924,84.83904563529634,1.0,1.0,0.0,0.9788676387047908,0.0,0.347536711254741,-0.45525817524988726,-2.0463948107200562,-4.967571107590311
194,"Columbus-Auburn-Opelika, GA-AL",0.7379188655158114,0.734650067896667,0.880599442190257,0.0,0.0,18.99869085468487,0.0032687976191444206,0.0,31.881672778721917,14330.702140981128,9299.156658345599,5514.111935990112,3.4092095526951316,2.7465055577690864,0.14268057667444564,117.21176441889398,1.0,0.880599442190257,0.005830168887876989,1.0,0.0,0.12230367693502761,-1.4874305147070377,-0.8635167037838672,-8.853954658579188
198,"Columbus-Marion-Zanesville, OH",0.08796321792335467,0.03525137290287233,0.9761921908691544,0.6307177221320839,0.0,7.763750563070219,0.044832392176465855,0.0,103.86374194933144,153404.50360153127,27586.65647091827,5489.407784278091,4.1140854398160895,4.3877453326950695,0.10562844284784324,274.33607984512213,1.0,0.955373772718736,0.10945096593901756,0.9274412535955299,0.7312923008708349,1.1071654342755592,-0.15601342439555219,-0.580027263032661,2.5157766008353755
200,"Columbus-West Point, MS",0.0,0.0,1.0,0.0,0.0,14.0,0.0,0.0,25.0,6500.0,5750.0,5000.0,4.0,3.0,0.0,90.0,1.0,1.0,0.0,1.0,1.0,-0.538327124594044,-1.777013957210929,0.19633909056408766,-5.409148838395112
204,"Corpus Christi-Kingsville-Alice, TX",0.027443128471397384,0.0,0.2398445718939831,0.7601554281060169,0.0,4.075293265913282,0.027443128471397384,0.048144251761857895,12.290471827241774,5117.6046651055985,2717.421296139184,1193.3504711485164,5.484773927896743,2.261156548002851,0.07558738023325529,86.42878474225405,1.0,0.17104444519858372,0.0,0.9876754787841766,0.8138369475458422,-0.6376184266369341,-0.13003394607297294,1.6247431446227867,1.4029513722519855
206,"Dallas-Fort Worth, TX-OK",0.23156653050760967,0.005841175176003115,0.825186160628992,0.35541564789219493,0.0,28.080524297015383,0.3739875739745143,0.0033217489304379583,89.8711773284287,24174.736521341663,12132.687250016614,7566.612777427102,3.4928734156091967,2.984870745634083,0.10219366026017747,126.47312430620552,0.9989630871103565,0.7528301978054933,0.003663960414716787,0.9997097853136858,0.653111826974004,0.6896842854272182,-1.0349508964535885,0.22917949999391748,0.11129967289374963
209,"Davenport-Moline, IA-IL",0.33360984377160235,0.0,0.978876577590804,0.2001343050700164,0.0,17.886926981493552,0.2001343050700164,0.0,54.40782327032846,44606.59339140052,15850.266457308764,4811.030791412376,3.443562244474729,3.1815883549604,0.4342991447927159,275.3980664020067,1.0,0.7426774110722679,0.4679544152791768,0.9417748019987755,0.6598032825739172,0.5867759896944209,-0.9971375618278788,0.043499942741964226,-2.078958224661191
212,"Dayton-Springfield-Kettering, OH",0.12096449862087374,0.07721683423792153,0.9134798469614734,0.006854702375656197,0.0,15.11866180265148,0.19865112554497732,0.00034878547913515435,83.06902749354924,37965.03631995729,14847.686879022453,5969.112198594181,3.8058261411157575,3.580831034789572,0.16793664916807546,203.7127502446837,1.0,0.81223240501824,0.2286644719281075,0.9040092534923035,0.409509742859685,-0.2788757683979251,-0.8541627291287689,-0.5216405337088912,-2.929591955134625
216,"Denver-Aurora, CO",0.5426987872863981,0.28135783601635195,0.8182081648008842,0.5950144996408842,0.24117465991996848,15.364388305963123,0.3828895237169483,0.0001206053307556194,55.90063380801431,53502.06652734051,16749.854713635486,4143.942066239328,4.930642934417701,2.599748708892933,0.39692294399412453,225.79307005369637,1.0,0.7617036673020947,0.08332388291562487,0.9559358523646745,0.4288239540187676,1.1821474652304071,-0.5236292363284573,0.5392442938908026,-0.05291072771850973
217,"DeRidder-Fort Polk South, LA",0.0,0.0,1.0,0.0,0.0,13.028321436794842,0.0,0.0,34.07206999769745,10881.936449458899,7441.693529818098,5357.12641031545,5.68570112825236,4.399953948883261,0.12145982040064472,94.75051807506333,1.0,0.0,0.0,1.0,0.0,-1.2353915120249963,-0.520601404696291,-0.583343459918202,-1.54095168761423
218,"Des Moines-Ames-West Des Moines, IA",0.2393383753899413,0.04722568477888795,0.996305649385459,0.0,0.0,21.570157139074215,0.14588163868992643,0.0,74.34744980010463,173825.56167692516,32149.094087531998,7109.2880301748355,4.05510524378193,2.6769832914597207,0.0326485006232602,215.16643953730195,1.0,0.9228965775587576,0.003565177516130491,1.0,0.35597522459972486,0.12138085522637908,-0.9577976215937458,-0.6017000992684427,-2.6370300156052
220,"Detroit-Warren-Ann Arbor, MI",0.12520913289533597,0.0708055248379193,0.942775862442811,0.3031687590797719,0.0,21.376680326980203,0.3987840152648583,0.04818057633513303,47.04221860838266,14590.280634012013,9325.177382981294,6112.4500670005855,3.5923658362063358,2.605755545436805,0.12286129361000889,203.70264142761118,0.9585004011361912,0.8532812940436696,0.3077976538953577,0.8720405906459376,0.8080027754287821,0.6325397489150806,-1.038908932711675,0.14317198732760084,-1.2836596896923158
221,"Dixon-Sterling, IL",0.0,0.0,0.9884735202492212,0.08353360035603026,0.0,13.894926568758345,0.18887405429461504,0.3146417445482866,80.6159323542501,115976.8090787717,34680.864856846165,5760.057854917668,4.255051179350245,2.909390298175345,0.47169559412550066,125.52536715620828,0.9520694259012016,0.5985758789497108,0.09773030707610147,0.9405429461504228,0.28282153983088565,-0.0342903563045422,-0.2571761166659633,-0.365852286784853,-0.6318411689400892
222,"Dothan-Ozark, AL",0.8329706202393906,0.00584283483938118,1.0,0.0,0.0,17.70490135780858,0.16118654492122816,0.04662440270615508,76.71724937313715,37011.27217675167,13346.760435886517,4659.45971519137,3.046624402706155,3.26990585229692,0.0,70.4749254861144,1.0,0.21365378246676445,0.0,1.0,0.04662440270615508,-0.34361997236654346,-1.0749146466081156,0.006428674512465486,-5.500382171921137
232,"Eau Claire-Menomonie, WI",0.0,0.0,1.0,0.49635579354454856,0.0,15.043730477465417,0.5036442064554514,0.0,50.364420645545145,15036.442064554514,10443.780058505628,7597.084634835639,3.4963557935445486,2.9927115870890972,0.0,89.34404283801874,1.0,1.0,1.0,1.0,0.0,0.15954932377982792,-1.1435202939129687,-0.4871721001707288,-6.196756586291357
233,"Edwards-Glenwood Springs, CO",0.7251505402953065,0.252770216393082,0.9258709340372295,0.8403585471143007,0.6653468613379526,13.066292721823531,0.07206687013665485,0.17039236712584893,37.94509059913663,24758.455937749182,10521.45737997693,4494.934697132173,4.598889163848332,3.49792405620171,0.3588495696884709,289.16852264291015,0.9258709340372295,0.9258709340372295,0.11757265803294015,1.0,0.0,1.7050538346591995,-0.45508112433962,1.055634743280497,-0.3112265001355501
236,"Elmira-Corning, NY",0.0,0.0,0.2169275435496087,0.0,0.0,23.264579651603132,0.2169275435496087,0.0,83.73043423377935,58992.90583186064,19598.067091643523,5542.318858874021,3.2169275435496085,3.7830724564503915,0.2169275435496087,151.25321888412017,1.0,0.2169275435496087,0.0,1.0,0.2169275435496087,-0.8662486492788725,-0.7257522540844012,0.09166991341265096,-0.34751958396493504
238,"El Paso-Las Cruces, TX-NM",0.952294578641783,0.0,0.9984030901711707,0.0,0.0,33.837247771105574,0.042233745416416835,0.0,11.667671012470962,18122.20240982732,6861.546346039313,3605.298124986818,3.805279444154858,3.614843427510839,0.9398537471639785,314.91673471109493,1.0,0.8495168594508438,0.7870927503306808,0.9913555956624314,0.003874766112970825,1.0198330248216545,-1.4584990892188037,-0.7411272001699533,-4.13704199663585
240,"Erie-Meadville, PA",0.0,0.0,1.0,0.0,0.0,9.0,0.0,0.0,30.0,7000.0,7000.0,7000.0,4.0,3.0,0.0,194.0,1.0,1.0,0.0,0.0,0.0,-1.5329571727205298,-0.6993992272280076,0.19980756222479937,-3.6211461428680316
244,"Fargo-Wahpeton, ND-MN",0.0,0.9044294868026571,0.9858326964905061,0.0,0.0,24.040282758215273,0.0,0.0,189.36688025395333,395375.28070072306,77927.1303862207,3756.425254247252,3.1767679736641,2.97145964375992,0.9044294868026571,10.674857445182528,1.0,0.97145964375992,0.052862853447769094,1.0,0.04270765974957381,0.8203538993598088,-0.18083557639380463,-1.669552116987781,-2.8013077206395662
246,"Fayetteville-Sanford-Lumberton, NC",0.6706229047258571,0.07105007029306802,0.9671244728019899,0.0,0.0,19.3491402617065,0.5136260408781226,0.0,71.80666702714394,87573.67794960528,25946.446706868464,7247.066616199849,3.0733210771060886,3.752595436357738,0.1920893262679788,258.18154536606465,0.9700713744998378,0.9496052773872607,0.3011517248837461,1.0,0.032875527198010165,0.48442318299159104,-1.0576003733554258,-0.9400279982265576,-3.7545548385270893
258,"Fort Wayne-Huntington-Auburn, IN",0.01136732481129274,0.0,0.19422517800291433,0.811499920580659,0.0,12.558193658883571,0.005642226227719422,0.0,18.282953847003817,5376.1201925401065,2568.322829262229,1338.0850960974026,5.648400218230537,3.781983549837363,0.018936333312615246,312.9452973391068,1.0,0.0769193582917245,0.8311061387697599,0.13243002465452586,0.938280812977811,-0.6539852451439576,0.8899947035626341,1.1266413532752961,4.840455543310192
260,"Fresno-Madera-Hanford, CA",0.8992777951510789,0.007629173771691222,0.9605531003475316,0.08485906974823136,0.0,32.10043898726111,0.12967235265309976,0.013311226627173548,142.29100902166024,58045.97317693429,21765.278466388,5882.534767909087,3.489798266472348,1.9839687044565468,0.15497607401419627,120.5348859164154,0.9972356783356247,0.6991049144151852,0.0,0.7845569709878983,0.7874038977820522,0.9285306456151529,-0.8862167939952708,0.24007481506265216,-1.9222848771395094
264,"Gainesville-Lake City, FL",0.9626628596416766,0.8181502488713972,0.9934920451183907,0.8760787642602668,0.0,37.31955859088629,0.888747411608854,0.0,81.14455119548302,22050.362824915435,10188.30974092509,4039.8387159007602,4.930779025350156,3.0106622422862728,0.8760787642602668,820.9779809905982,1.0,0.17534179624699361,0.033131406670010674,0.969839616210724,0.15718125811886663,2.8281212375614317,-0.8563457232730192,-0.285670157658205,5.223028023740595
266,"Grand Rapids-Kentwood-Muskegon, MI",0.44713006524604465,0.03132373014123353,0.8075077511925813,0.42850375012312786,0.028453091799449326,17.401678291501128,0.4729564291510509,0.15212976035798548,62.752641972297404,14952.051361911508,7514.719117732134,4444.72474236959,4.48367910766301,2.230790879625504,0.09787375758115886,556.977278803713,0.9679398479312172,0.7566805664351081,0.4789885221372184,0.8677254881726886,0.6932873030540402,1.0961146086742606,-0.7180853970158539,0.13873188602617156,0.7729658543599295
267,"Green Bay-Shawano, WI",0.0,0.0,0.8297034593982013,0.6652767082685574,0.0,15.959361878332631,0.031600970549348364,0.788643991456841,65.16948290641754,15105.263050837608,8596.1541982071,5256.161099568483,4.056300579714356,3.459688784924521,0.020573321516265418,200.3392563964723,0.8502767809144667,1.0,0.0,1.0,0.6652767082685574,0.9173801675194118,-0.466720387374499,0.02064614086566915,0.9908919684955906
268,"Greensboro--Winston-Salem--High Point, NC",0.8323237107955218,0.036282645727247056,0.8917532816528052,0.15467720925148254,0.0,21.691520081620013,0.2129954362024832,0.0,74.60775936671617,18554.507774852656,11511.943396671528,6106.57059311149,2.79328092405513,3.411816682911721,0.5047505397305446,206.56979148637691,1.0,0.7907120799438863,0.21476265520099838,1.0,0.18312579137706442,0.6547940544701064,-1.137234333612163,-0.08598922896980762,-3.566563999208875
272,"Greenville-Kinston-Washington, NC",0.2358876797808386,0.6871166577886005,0.9365953884788067,0.0,0.0,6.951738832661137,0.0,0.0,50.707556502549274,14295.259112700707,10519.888679922164,7431.443573548436,4.421063845978236,3.415965299444487,0.0,156.41488471197016,1.0,0.15943992085838216,0.07644775892245644,0.9365953884788067,0.07644775892245644,-1.0569726913496962,-0.71012839936291,-0.7822365947692548,-6.997818535554528
273,"Greenville-Spartanburg-Anderson, SC",0.252030746342673,0.028256880733944955,0.8128638730473593,0.37017604760724027,0.0,9.728688321348871,0.023456484006942724,0.0,53.9792710141334,18869.699975204563,11083.21679477643,6090.7909744606995,4.420877758492438,1.9303942474584677,0.5209323084552442,71.43782791966278,1.0,0.5856087279940491,0.38848499876022813,0.9958641210017357,0.0,-0.3448908766744116,-0.9634514096964127,0.6455933931907876,-4.600760737770574
276,"Harrisburg-York-Lebanon, PA",0.3271060979908354,0.4796263658794501,0.95026436376454,0.0,0.0,12.452978498413817,0.0,0.0,114.78375044060627,131659.96334155797,36984.14892492069,7405.031723651745,3.2773352132534366,2.62301727176595,0.04388438491364117,412.31547409235105,1.0,0.5529432499118787,0.6408530137469157,1.0,0.9003524850193867,0.7356066018779993,-0.003241382131387449,-1.1174849729757197,-3.2693351372060606
277,"Harrisonburg-Staunton, VA",0.34703258077599025,0.0,1.0,0.0,0.0,18.40077058266865,0.0,0.0,46.78923888062728,10928.619710693525,6989.759361903474,3708.8954981749357,3.0234554549141546,1.6764228741381642,0.0,338.97255644180075,1.0,1.0,0.0,1.0,0.9765445450858456,0.21127690737639304,-1.7878144383335919,0.6014463030764449,-5.014512378627611
278,"Hartford-East Hartford, CT",0.5881983717129242,0.007714796540849134,0.8973365766069935,0.48948365957903944,0.11361637802042648,16.65643603103107,0.2582085772822492,0.21789734578463946,139.3461974662564,56554.65163711144,29023.555902699267,13327.700017648729,3.997713338602374,3.386987515442638,0.24170010972905365,208.52636182963604,0.9402981867849387,0.7211224591585393,0.4077899954727174,0.739418819683704,0.7613554223801229,1.3490635514872948,0.7274058786492652,-0.22880474591366584,2.8205627429227955
279,"Hattiesburg-Laurel, MS",0.0,0.0,1.0,0.0,0.0,11.0,1.0,0.0,25.0,10000.0,10000.0,10000.0,7.0,4.0,0.0,405.0,1.0,0.0,0.0,1.0,0.0,-0.5082418233756938,-0.5639719996910678,-0.5116853632615016,3.198988603969158
284,"Hot Springs-Malvern, AR",0.0,0.0,1.0,1.0,0.0,17.0,0.0,0.0,100.0,43560.0,20853.33333333333,7000.0,6.0,3.0,0.0,0.0,1.0,1.0,0.0,1.0,0.0,0.5347496394243537,-0.911438649173771,0.3465969071815232,-0.394488244015437
288,"Houston-The Woodlands, TX",0.13452501561307334,0.020947887030740405,0.2274720699465686,0.7164346679619735,0.0,13.806608146554716,0.0536860731385747,0.0,36.08358545555478,11731.725896884325,6662.011041102862,4069.2910207480395,3.345701200471862,2.90038026507529,0.010807022413434182,303.808542779821,0.995988481021442,0.16598154187773229,0.022825619318576088,0.3024925404205121,0.7746304905974603,-0.9240035620192567,-0.07359768985159973,1.8566776090183092,2.368687310368664
290,"Huntsville-Decatur, AL",0.0,0.0,1.0,0.0,0.0,36.425124121356404,0.0,0.0,39.2882704376455,14650.998621292369,8651.806634371256,5390.765672440162,2.81978859816323,2.1941416226560086,0.0,0.0,1.0,0.9968508208207454,0.0,1.0,0.0,-0.1716876450953926,-2.2214878732763146,0.04414101104902975,-4.827993255125206
292,"Idaho Falls-Rexburg-Blackfoot, ID",0.7196620583717358,0.0,1.0,0.0,0.0,1.9623655913978495,0.0,0.0,63.78648233486943,7000.0,6160.124807987711,5320.249615975423,5.7196620583717355,3.0,0.2803379416282642,228.4431643625192,1.0,0.2803379416282642,0.0,1.0,0.7196620583717358,-0.03514027717999036,-0.4754191114429375,0.050959444830277756,-1.8362833028307994
294,"Indianapolis-Carmel-Muncie, IN",0.7784372696696799,0.6753085896795072,0.9654379558951854,0.0,0.0,7.635497344053136,0.009413997305929497,0.7251743097503325,116.74426662826063,36823.67952421698,14039.121515852372,6190.290434355329,4.053134186738057,1.576163406389522,0.11301202165422707,53.734590001440225,1.0,0.8486050984013487,0.031769699331565524,0.9372315460406483,0.22958224963358947,1.1985386100351039,-0.284635195656056,-0.8581420868747639,-5.951085622635218
298,"Jackson-Vicksburg-Brookhaven, MS",0.1564391752882495,0.11544040377129494,0.2312878350576499,0.0,0.0,8.339009517043353,0.07527788878528188,0.0,7.786214348089931,4359.318265914776,2716.126504151681,1850.9317229844737,4.926927460296316,2.6273626097124168,0.0,313.89611177715614,1.0,0.19700871778932255,0.03391649275491023,0.2312878350576499,0.03427911726832734,-1.797637929065344,0.3587950642606576,0.3036821875705739,-0.13854206747794237
300,"Jacksonville-St. Marys-Palatka, FL-GA",0.8771371305382161,0.0,0.9677528984720962,0.8476600327159344,0.0,2.0481792292715486,0.022450746959240205,0.01594236426879477,109.36783315282928,39068.54160226186,13481.17741877147,4314.404510622442,4.141229242886127,2.3790810466642234,0.026692762981449368,148.2719947097638,0.983695262740891,0.1318812481190385,0.0,0.9823317575908952,0.8922687620151214,1.1763240882939823,-0.27230299202963937,0.9259452055598586,0.018075154660163115
304,"Johnson City-Kingsport-Bristol, TN-VA",0.12217978889812714,0.0,0.8458871774636773,0.0,0.0,13.829681092431054,0.4622398218739871,0.3836473555896901,61.227857555558685,16069.823987824298,10958.693413753093,4915.376051633996,5.0722650469976465,4.630487169008329,0.009159961105395922,127.97005397330928,1.0,0.6095883654401714,0.0,0.990840038894604,0.8458871774636773,0.19158432024901362,-0.8205164094139469,-0.29469928489140507,1.0369309321871065
306,"Johnstown-Somerset, PA",0.0,0.0,0.9318657403532268,0.0,0.0,14.386791663179041,0.0,0.0,35.340671298233865,2656.7087971875785,2656.7087971875785,2656.7087971875785,4.863731480706454,4.931865740353227,0.9318657403532268,217.59956474428728,1.0,0.9318657403532268,0.06813425964677325,1.0,0.0,-0.32203910110089,-1.2952432062918036,-0.06611922119678279,-1.391928497323632
308,"Jonesboro-Paragould, AR",0.7317293100793948,0.0,0.7317293100793948,0.0,0.0,23.9028568915085,0.0,0.0,56.09624139523631,171056.51498823374,31191.52962091389,4990.281180584574,3.7317293100793947,3.0,0.0,6.438496558094526,1.0,0.7317293100793948,0.0,1.0,0.26827068992060527,0.04334654064983959,-0.8567991730381997,-0.24833441509654397,-3.458233436567869
309,"Joplin-Miami, MO-OK",0.0,0.0,0.0,0.0,0.0,9.0,0.0,0.0,75.0,9000.0,7500.0,6000.0,3.0,2.0,0.0,30.0,1.0,0.0,0.0,1.0,0.0,-1.705031252241856,-0.1959907390231261,1.894645756160963,-2.247078547535577
310,"Kalamazoo-Battle Creek-Portage, MI",0.3980339479789962,0.0,0.9370039076810356,0.0,0.0,15.28767248748321,0.09305165465868849,0.009998168274514593,46.162596165587985,11482.059164733178,8314.95963843774,5243.868146293808,3.715731469043839,3.163206740749786,0.014241665649041398,176.43103553547442,0.9623580412748809,0.8985376724874832,0.14972829405299792,0.9127793381365246,0.811637562583954,-0.15796843220251935,-1.2252645228291679,-0.12881637531490525,-4.321284264147144
312,"Kansas City-Overland Park-Kansas City, MO-KS",0.7872024281157307,0.1948738121827127,0.96816267480513,0.0,0.0,15.59699692197553,0.64195173970838,0.0,94.63034809082316,73864.67177371393,18827.43422579264,4527.291692689739,4.3533780899096355,2.9097622407869004,0.02752510799186402,81.77643400331479,1.0,0.9927272117125263,0.11905671879981282,0.9740353441477452,0.8214466155713361,1.338916540181367,-0.5985677307383787,-0.7597875838724276,-1.6276048648521801
313,"Kennewick-Richland-Walla Walla, WA",0.8122449714908527,0.0,0.946927047208986,0.021131898718214328,0.0,19.058630660169165,0.47023428844231063,0.0,46.16058801805129,12535.030670978318,65099.590657572684,4223.817073060883,4.238080654314204,3.340200149526649,0.35387373105019954,299.07579920192404,1.0,0.946927047208986,0.0,0.6849671671906105,0.0,0.06573399054744672,-1.0517334169810761,-0.43704432920538805,-2.6143594907802727
314,"Kerrville-Fredericksburg, TX",0.6602597402597402,0.0,1.0,0.33974025974025973,0.0,16.32051948051948,0.0,0.0,16.506493506493506,18100.384415584416,9253.548051948052,4830.12987012987,4.3397402597402595,1.358961038961039,0.0,160.2883116883117,1.0,1.0,0.0,1.0,0.0,-0.12158729722664026,-1.4658179510626372,-0.2667262941575416,-6.148542194124325
315,"Knoxville-Morristown-Sevierville, TN",0.9108820614469773,0.0,1.0,0.0,0.0,28.504697720515363,0.0,0.0,6.6838453914767095,20796.907829534193,8651.81367690783,5311.91278493558,4.8217641228939545,6.8217641228939545,0.0,34.25887016848365,1.0,1.0,0.0,1.0,1.0,1.2029343565165853,-1.4733655384380082,-0.8744058172509332,-0.4992257370845385
316,"Kokomo-Peru, IN",0.0,0.0,1.0,0.0,0.0,13.0,0.0,0.0,50.0,18000.0,8666.666666666666,4000.0,5.0,5.0,0.0,100.0,1.0,1.0,0.0,0.0,1.0,-1.04836911222739,-0.704451600665905,-0.23260898566774119,-0.4788035621125383
318,"Lafayette-Opelousas-Morgan City, LA",0.19184351285071544,0.16647034970166258,0.7633769092629424,0.0,0.0,10.043099619595651,0.0,0.0,52.390561337787474,7779.572093382509,6124.193330372487,5006.7661768397475,4.666769652615521,2.898507347403789,0.2134705621101821,173.6859443489679,0.9605113252360631,0.36088207465193967,0.0,0.8787340452237048,0.0,-1.2045506772369738,-0.7680300237819436,0.019089186863630255,-3.956499802444438
320,"Lafayette-West Lafayette-Frankfort, IN",0.0,0.0,0.7219372740267385,0.0,0.0,4.3943916589590515,0.0,0.0,26.316740940048767,2546.2709156646765,2268.208189691415,1990.1454637181535,5.0446901538720255,3.0446901538720255,0.2780627259732616,63.16640040359876,1.0,0.04469015387202556,0.2780627259732616,0.2780627259732616,0.2780627259732616,-1.3962732792458972,0.7091985968153639,0.05184682029294968,0.8833600667105989
324,"Lake Charles-Jennings, LA",0.9461375609275762,0.0,1.0,0.0,0.0,9.107724878144847,0.0,0.0,30.0,8023.073211560239,6426.159617941017,5865.34390231894,5.0,3.0,0.05386243907242381,144.7023287873566,1.0,0.0,0.0,0.9461375609275762,0.0,-1.142761638013105,-0.8280844154480128,-0.015625733896903728,-6.577520959813298
332,"Las Vegas-Henderson, NV",0.41710564572679537,0.0,0.41710564572679537,0.0,0.0,3.7337007645076876,0.3692255725256119,0.0,9.778515110571414,33209.759872753086,8856.263917631566,1664.3725735004875,4.417105645726795,3.0,0.3692255725256119,392.14038635858316,1.0,0.41710564572679537,0.0,0.41710564572679537,0.5828943542732046,-0.5212976221349646,0.3201305396998796,0.7860198116964795,3.071585978264536
336,"Lexington-Fayette--Richmond--Frankfort, KY",0.0,0.0,0.4442447240529925,0.0,0.0,7.6575461021236935,0.1527195259969376,0.0,16.565974302642967,6744.977032154983,4342.854448216941,2464.6528193861927,4.291525198056055,1.9415484987683909,0.1527195259969376,94.37287797084082,1.0,0.4442447240529925,0.0,0.4707742493841955,0.0,-1.985921766919567,-0.27648739252727,0.7910456399075377,-2.8564796947982676
338,"Lima-Van Wert-Celina, OH",0.0,0.0,1.0,0.0,0.0,7.834217506631299,0.23451117847669573,0.0,71.84776430466086,13326.123531640773,9030.37072123279,6450.502084122773,3.965138309965896,2.9070670708601742,0.2770462296324365,231.41999810534293,1.0,1.0,0.5360458507010231,0.8486169003410383,0.0,-0.47316710923735683,-1.0201888476566792,-0.5892626937218907,-5.366138378928838
340,"Little Rock-North Little Rock, AR",0.663303369731371,0.0,1.0,0.06645554761395472,0.0,31.223407085878847,0.06645554761395472,0.0,64.21383368896633,29479.601099766795,13588.951726080855,5430.3510593341925,4.908523192662656,3.293545913176855,0.0,166.75657486292044,1.0,0.7730922332882922,0.0,1.0,0.5597906895454332,0.5242209036499064,-1.5915977804896302,-0.2968059027578847,-2.5060802776355757
348,"Los Angeles-Long Beach, CA",0.41154028284578015,0.019300411543900282,0.8745920261668263,0.7752973060592264,0.3372591152124823,28.94157096389056,0.1668384949871779,0.030290705956870143,48.10230821849259,40055.65363406993,15596.559201691156,6025.784325570828,4.553925583781336,2.3241267805332897,0.5416300831683523,235.59671298882574,0.9781486054000086,0.6895094116271013,0.021511872174199292,0.916143473116318,0.6046911629254603,1.6830403908121445,-0.8118681747576157,1.5932533310050467,3.2004372995698107
350,"Louisville/Jefferson County--Elizabethtown--Bardstown, KY-IN",0.04838495281137844,0.0,0.25325003323142364,0.0,0.0,7.274597899774026,0.0,0.0,5.596703442775489,623.5278479330054,523.9665027249767,443.94523461385086,4.3159377907749565,3.113917320217998,0.0,143.52859231689484,1.0,0.013026718064601888,0.013026718064601888,0.49759404492888476,0.04838495281137844,-2.033091935393094,0.35997109389008536,0.5684474733376171,0.33304447189452707
356,"Macon-Bibb County--Warner Robins, GA",0.0,0.0,1.0,0.0,0.0,15.333775428240525,0.0,0.09246632918013188,94.27530682009228,63836.810191844284,25673.122591049756,7651.103057926886,4.165505389199185,3.1862029028823344,0.6386901537369473,110.57758765621206,1.0,0.8609829450992845,0.0,1.0,0.6652158481684195,0.06661184498342182,-0.5779679364796635,-0.21866906274682613,-0.700866406490492
357,"Madison-Janesville-Beloit, WI",0.22177297909041957,0.19055920121934525,1.0,0.0,0.0,18.77861947484188,0.051530113994177076,0.12048335721521991,63.66154955415408,46384.6351547455,18707.74427215007,6670.3295700347735,3.789872863179607,3.194346838007794,0.22292296038040652,199.61036625991403,1.0,0.9439612292022233,0.005092774284227915,0.9879982111402156,0.5377440287677859,0.14830499182092793,-1.1507236351628027,-0.5396690261245184,-3.2775359032530837
359,"Mankato-New Ulm, MN",0.0,0.0,0.8093998355713894,0.0,0.0,16.749725952315703,0.42114277884351875,0.0,62.28624280624829,14026.267470539873,9597.755092719468,6628.775006851192,4.033570841326391,3.5470676897780216,0.15737188270759112,153.56556590846807,1.0,0.5953000822143053,0.04604001096190737,0.9510824883529734,0.0,-0.921097873556733,-1.0394467600269404,-0.2506060485238957,-2.5965085448471417
360,"Mansfield-Ashland-Bucyrus, OH",0.0,0.0,0.8130175983436853,0.0,0.0,14.328878290446614,0.0,0.0,60.56307305530908,30635.577676722864,13500.524992605739,7807.509612540668,4.507449719018042,4.716485507246377,0.126645223306714,257.38773661638567,1.0,0.2900584146702159,0.2720349009168885,0.8395629991126885,0.715653652765454,-0.7378973030501661,-0.5669990671061979,-0.24518689592348325,-0.011001903141977035
361,"Marinette-Iron Mountain, WI-MI",0.3157596773052155,0.09794069775670512,1.0,0.0,0.0,10.224683320359492,0.0,0.09794069775670512,42.084070483334514,28760.673696129077,14236.233104521973,5827.1884509235015,3.5584884296935817,3.096313070554101,0.02901422404642276,188.49954001839927,0.9709857759535773,0.7964758332743613,0.0,0.4117896822588635,0.1745099426792159,-0.9846780508094367,-0.5092072821770353,-0.3180659760507105,-4.189866915782289
365,"McAllen-Edinburg, TX",0.0,0.0,0.7703565843666718,0.0,0.0,14.641703191419069,0.0,0.0,44.66830385657335,68733.39663678611,68191.34646021923,3338.328579609277,3.850026429971588,3.0821972116379976,0.0,86.50570997511177,0.9934585820320243,0.26923881681827194,0.03841706495165518,0.8022322313503513,0.22619650683875514,-1.1301316635545289,-0.4048946658266372,0.14705481839435852,-1.773612045241362
366,"Medford-Grants Pass, OR",0.608730800323363,0.608730800323363,1.0,0.0,0.0,5.478577202910267,0.0,0.0,36.523848019401775,27088.116410670977,11666.936135812452,6391.269199676637,4.608730800323363,2.782538399353274,0.39126919967663704,193.04769603880356,1.0,1.0,0.0,1.0,0.0,-0.25192626644870086,-1.3140346609466405,-0.946949266660212,-8.626805575694112
368,"Memphis-Forrest City, TN-MS-AR",0.6091966820686968,0.0,0.9269387073428714,0.0,0.0,21.686154873907476,0.0,0.0,131.48616600790513,150920.7223737683,39629.64316774604,8422.555252463397,3.510694204754217,3.446473306240606,0.382363747703613,91.11282079830764,1.0,0.6369092022490676,0.0,1.0,0.563847909591939,0.4023084183943709,-0.37138106039143387,-0.41671426331214817,-1.1081512226558154
370,"Miami-Port St. Lucie-Fort Lauderdale, FL",0.41712668227723915,0.07803611816021193,0.8311286274457589,0.7144384884333889,0.1316831880912595,20.083611985482047,0.32306259339260024,0.021076693746107697,62.776409112394305,23432.601242269106,10606.043798214365,5569.869375942248,3.6114583377463765,3.9237801390668396,0.3078510608552084,201.64356814353818,0.9973334124150653,0.9011480367657427,0.09354239154051415,0.9957035621276779,0.30879156859624074,1.0848802169854928,-1.0306726799557369,0.3664703630535796,0.025114530819432802
376,"Milwaukee-Racine-Waukesha, WI",0.31036770705377076,0.04806373230280914,0.9749392534677079,0.063485730168835,0.0,19.705359144258445,0.01753803943368989,0.0810865335473285,112.6462175756978,40794.572622367275,21074.399083902583,9656.805763523389,4.4792385836867545,4.158106860099167,0.18167472137291646,187.93394543123313,1.0,0.7377408566381838,0.03948300442037497,0.8569744192093536,0.6866151404567422,0.20137885540100278,-0.5373068219292199,-0.599308478773218,0.052493930131782794
378,"Minneapolis-St. Paul, MN-WI",0.6707567451665727,0.01192963281322639,0.9751711077841471,0.59954991110175,0.0848717379465548,29.53224245598256,0.03342744973026924,0.10525666641999062,97.19353822624747,29751.305276780004,21598.459634429724,6585.031819311698,4.25121867451476,3.3569630004914544,0.43526271947051937,167.8315724459068,0.9958027122979392,0.8773023887728246,0.08825784097744432,0.8108962499549341,0.611760375099382,1.5938399533949383,-0.5951951005272554,0.2545380249048317,1.647509220084882
380,"Mobile-Daphne-Fairhope, AL",0.16668429082888953,0.0,0.9229798933486412,0.0,0.0,20.44041270752451,0.09182440291856127,0.0,148.7053793978579,35132.32019577926,15708.950493728316,5394.980135051437,4.6706044080547455,2.8933033219028053,0.0,132.23023701980452,0.9229798933486412,0.8533015091318338,0.673859842591054,0.9229798933486412,0.673859842591054,0.367817409226254,-0.5748472993800313,-0.7060721746201339,-2.4347152028352244
384,"Monroe-Ruston, LA",0.0,0.16346228289762316,0.7504709798962554,0.0,0.0,10.715012000309686,0.0,0.0,30.529045910862216,5395.597305736922,5027.80458850551,4660.011871274098,4.077937495161166,5.047097989625539,0.0,48.927972334769926,1.0,0.7115022323156727,0.0,0.9610312524194172,0.5480399494180495,-0.850470044846472,-1.3386828618707933,-0.5899577019725183,-3.2489445761265534
388,"Montgomery-Selma-Alexander City, AL",0.15158563239721226,0.7746298816446039,1.0,0.0,0.0,33.7307600313415,0.0,0.0,59.744896696771,19468.81537382985,9007.871994721432,3705.191966679038,4.673388593344056,2.8249742257412676,0.798070023506124,119.00381871417378,1.0,0.9262155140418161,0.0,1.0,0.12814549053569219,0.663494807720184,-1.9013573048036931,-0.5264121438058053,-4.328732966380449
390,"Morgantown-Fairmont, WV",0.6909824229447792,0.0,0.9126624508290594,0.7952995070457601,0.0,15.247572573818653,0.10431708410098092,0.0,58.054324553104614,6818.951351889658,5228.7490248800805,3900.129462729672,4.1892147587511825,3.5002738634666137,0.045511128815416024,681.7722949758502,1.0,0.8316984514265797,0.0363989443808196,0.9281481850321167,0.0,0.5909121313531307,-1.0775818756701128,0.00563146070435319,-0.8373769698705743
393,"Moses Lake-Othello, WA",0.7103741347586086,0.44935599754665734,0.9242530447735039,0.024139139577674582,0.0,11.792604924209234,0.13738719004643826,0.0,43.14360816612635,34551.67265399106,14504.280936943256,5385.831946026461,4.583545080171734,2.524007710505564,0.03820205029352493,166.30049066853587,1.0,0.6954788399193902,0.0,0.7749058091649873,0.0,-0.697584606902547,-1.1438795717168684,-0.48205524923932225,-8.091351476173177
394,"Mount Pleasant-Alma, MI",0.0022468754388428594,0.0,0.2534054205869962,0.0,0.0,11.578149136357252,0.0,0.11775031596685859,93.67504563965736,3037.49473388569,1875.886462575481,1028.2263727004633,4.382179469175678,4.253194776014604,0.0,139.7440668445443,1.0,0.2534054205869962,0.0022468754388428594,0.3711557365538548,0.2534054205869962,-1.2874498597682216,1.211460400794214,-0.2586898638177332,4.477623990705055
396,"Myrtle Beach-Conway, SC-NC",0.898577916759735,0.22437644255826075,0.9620430347703075,0.16238552602188966,0.0,18.278862333407787,0.38641947732856824,0.045342863524681705,41.88318070136252,13688.645670463853,9224.904573995482,6393.94237212419,4.386642841188296,3.5937309210036483,0.0721316357679994,171.8038567493113,0.996336832700469,0.7361923907378453,0.0,0.9087186359913633,0.16238552602188966,0.39811694143064874,-0.9354656379558245,-0.7055284774746731,-3.7694486129770364
400,"Nashville-Davidson--Murfreesboro, TN",0.9381788452259691,0.0,0.9943065458639361,0.8800434246501904,0.0,1.7369618828070552,0.0,0.0,5.9675655390553795,12924.705730981612,8103.693741336131,4596.813890526993,3.3334986329276792,3.013831555245805,0.8800434246501904,165.82674904841045,0.9949230686752801,0.9539671902643007,0.8800434246501904,0.9949230686752801,0.9209993030611698,1.6988758629449636,-0.9326723268249875,0.65945195935422,-4.492804546375635
404,"New Bern-Morehead City, NC",0.23162009493331043,0.5179020167958934,0.8959599647758758,0.3362400395197491,0.0,12.362078223329538,0.4768143645696858,0.1275800597091862,85.24313236968148,146212.7223522842,52092.597897291605,9050.870937949698,4.140423978178226,3.7893425546081314,0.14523507807298267,101.82849717562662,1.0,0.8950149272965484,0.03627655233145042,1.0,0.46382009922893536,0.5318735289358619,-0.46527764439934816,-0.9761148025689994,-2.4315234407705497
406,"New Orleans-Metairie-Hammond, LA-MS",0.07197322542995055,0.003770236486610874,0.25300716860394473,0.7136939849264178,0.0,2.538053983600944,0.01972010412332797,0.023398293820714944,13.72666153659228,313905.8886381125,2259.5958655036866,1624.7863594022112,3.544997993379995,3.9993888093195533,0.0278386309328758,192.12548922868473,0.9846686867868675,0.9506923759485422,0.022117002514718282,0.9959315319163037,0.7439921060673561,0.19724873205075674,0.10510719853749081,0.32796237328674943,2.5331675476034796
408,"New York-Newark, NY-NJ-CT-PA",0.17162053441992076,0.05913759413109667,0.44219144724167647,0.7544542993885706,0.15776336599168844,11.748135832529906,0.15610747794051605,0.08465883671170907,64.64961556046205,35842.04166175081,18128.252387270753,4840.6696449467945,4.6355953953874085,3.268246610512473,0.25306029403826963,201.23533163523825,0.9791269353451614,0.40116429528591935,0.49416124251234156,0.9227307357271795,0.8560178511196312,0.9139027484805307,0.19280498296213855,0.7753343308533898,3.241609851144081
412,"North Port-Sarasota, FL",0.5756818312038045,0.24116197788345844,0.8460150117458317,0.6481980175328024,0.05039248266773621,24.309359422448864,0.0,0.0,62.5755600756317,44883.51429553658,14605.141376977079,4723.667850799289,5.633171947516186,3.910251819171489,0.367830745430585,304.41076032773736,0.9891995645447774,0.6755142382398441,0.22464619263163926,0.9891995645447774,0.4235518249011631,1.2114419654490785,-0.9508494176832132,-0.2428716335247622,0.018276623348078513
416,"Oklahoma City-Shawnee, OK",0.12751750207194884,0.0869320108796967,0.9805629861218733,0.0,0.0,34.850098712359596,0.019877232819669702,0.0,86.29824159485034,160858.53993302383,56444.02518306894,4604.051811074201,3.1878836474385324,1.4618098838136437,0.7855796852434568,167.1362859446627,0.986845090098892,0.81031954055517,0.0,0.9893359207426224,0.03544885486924824,0.439130947045209,-0.9689222382851491,-0.02616313338680372,-1.5450696840778486
420,"Omaha-Council Bluffs-Fremont, NE-IA",1.0,0.0521537799822463,1.0,1.0,0.0,39.74830928042609,0.0,0.0,47.39231100088769,21228.74305638172,9637.174187585222,3973.923110008877,3.0521537799822465,2.1043075599644925,0.0521537799822463,526.0546521098534,1.0,0.9478462200177536,0.0,1.0,1.0,2.4250559476967517,-1.9501945395888887,1.0283211122327094,-0.050041074509602324
422,"Orlando-Lakeland-Deltona, FL",0.7234203682770293,0.12871906059089872,0.9787249288092459,0.6375121225036908,0.0,19.31513320855648,0.17356089666376345,0.05692665962480465,85.88134462502084,31122.118612135477,12594.486389116115,6431.410213170753,4.148944029551112,3.427028395999728,0.21642977595760057,231.46561779985052,1.0,0.8760063994465344,0.05354409502807479,0.990893760539629,0.41898955457134207,1.2568273682328563,-0.7132231420053083,-0.25132088285694276,-0.9834736521740194
424,"Paducah-Mayfield, KY-IL",0.780465474871103,0.0,1.0,0.0,0.0,18.594757384474534,0.0,0.0,58.11786247771406,14914.277453862092,9552.670296663935,6878.195923480943,4.144750156603864,2.1447501566038647,0.780465474871103,114.07675998650798,1.0,1.0,0.0,1.0,0.0,0.03461087960442877,-1.376636902543806,0.17127936961384405,-5.970642747231988
425,"Parkersburg-Marietta-Vienna, WV-OH",0.5032145329860539,0.0,0.7866209488641983,0.0,0.0,12.887441891134483,0.0,0.0,62.09752398536151,10555.273482575583,9858.956183442682,9162.638884309783,4.36807226929544,4.21980811710791,0.5032145329860539,197.74135373050675,1.0,0.3844251755629554,0.8289538755728463,0.8289538755728463,0.5032145329860539,-0.32269121766918574,-0.3692542979364628,-0.3945433183469393,-3.0767829490558674
426,"Pensacola-Ferry Pass, FL-AL",0.789891538010553,0.0,1.0,0.6813562634356068,0.0,30.5125317568888,0.10853527457494626,0.0,44.92378346687512,22091.644762556185,10819.83321526285,4252.577193668165,5.344879812390072,1.8365253077975376,0.0,126.890780730897,1.0,0.8585108461989447,0.0,1.0,0.10853527457494626,0.791628143139505,-1.6574197297737259,0.4645599730945498,-3.945372133669624
428,"Philadelphia-Reading-Camden, PA-NJ-DE-MD",0.12552660367681284,0.14465295298292632,0.5055002475519044,0.4621827407405211,0.10797673012098914,16.86416071010338,0.12857949677293115,0.08768673862965938,81.70621444220775,39747.020843647995,16813.74369505186,7002.14714366608,4.528900202488564,2.9756858077159114,0.5224972057764088,210.1022533893858,0.9671437846683842,0.7435918150742804,0.2458898230967409,0.9799634897999722,0.48463621728831346,0.40737301326922964,-0.2620502942738626,0.48298831821351895,0.6382438675298645
429,"Phoenix-Mesa, AZ",0.47430347502173104,0.0,0.9970460913285147,0.0,0.0,32.3001069834758,0.1619451580271039,0.03136600211810027,86.27109202951536,83420.03790795538,25306.35629238017,4460.485674783175,4.596525625346456,2.119451580271039,0.1507636592662573,159.92793066780553,1.0,0.9541718163249019,0.002937731734620586,0.9905440411713827,0.6831175329955589,0.8577899200820885,-1.179669099206969,-0.42863689037914604,-0.9285384259510773
430,"Pittsburgh-New Castle-Weirton, PA-OH-WV",0.9008424078208165,0.04789170827581898,0.9708366705861636,0.8957754639491488,0.0,51.18319387876826,0.04789170827581898,0.0,27.248314332293816,8348.94894997245,4307.953662836163,1723.5619706548969,3.1498099896048126,4.000749816806121,0.09915759217918349,111.39333003868373,1.0,1.0,0.9470413478525133,1.0,0.9178780184386769,2.56003054758249,-2.5352574098884118,0.3496677130194584,-3.2830247831660246
438,"Portland-Lewiston-South Portland, ME",0.5643564356435643,0.0,1.0,0.0,0.0,19.471841584158415,0.11746534653465346,0.3988514851485149,259.75049504950493,109934.72792079208,42433.34336633663,12833.226138613862,4.717029702970297,2.128712871287129,0.3988514851485149,88.47841584158415,1.0,0.717029702970297,0.28297029702970294,0.43564356435643564,0.8344950495049505,1.3930375781760798,1.8949204454392792,-0.870430694599195,4.7228906416705625
440,"Portland-Vancouver-Salem, OR-WA",0.9482261019416257,0.2239269192481115,0.9605902676114072,0.2731242523360577,0.0,18.312433599076453,0.31316976049657436,0.0,27.010097123114633,21141.62323593137,9623.446921287692,4593.262851454337,4.865474865943332,3.444382168162692,0.48912488811182964,189.18166037862122,0.9952024025631803,0.8893624674792328,0.10728297877680087,0.9795924342683141,0.14223809802658546,0.7333359237750133,-1.2609971736009093,-0.4079446500874984,-4.018688024971373
444,"Pueblo-Caon City, CO",0.1612243494998797,0.8387756505001203,1.0,0.13114838620974117,0.0,10.461863678548104,0.0,0.0,14.618636785481044,41124.511050768226,13165.77502688423,3837.199670023717,3.423521121919362,2.868851613790259,0.0,247.64926270924278,1.0,1.0,0.8387756505001203,1.0,0.0,-0.18487396096081354,-1.4602639062255178,-1.3873171398922053,-11.930839435131471
446,"Pullman-Moscow, WA-ID",0.009410144594904751,0.0,0.885988065182465,0.0,0.0,14.758721597429425,0.7829355060821667,0.02100068854716548,57.07367454670645,6585.150332797797,4361.142988294699,2062.973376176268,5.364184071608905,2.8995868717007114,0.035804452605003444,217.86676612347947,1.0,0.05261647922882717,0.0,0.8032476474638512,0.0,-1.085273160022137,-0.7113016691148686,0.008738543073159964,-0.38127870529335034
448,"Quincy-Hannibal, IL-MO",0.0,0.0,1.0,0.0,0.0,18.098410803551445,0.0,0.0,113.73013504439305,36723.8558531672,14067.09741600139,5709.841080355144,2.7098410803551443,3.5803178392897115,0.7098410803551444,157.72065955383124,1.0,1.0,0.0,1.0,0.29015891964485563,-0.2305217765973008,-1.085432510128488,-0.2528641962745249,-2.8981772214561996
450,"Raleigh-Durham-Cary, NC",0.9162636140269359,0.19970290268302815,1.0,0.16694475538752895,0.16694475538752895,14.580951978654051,0.3428024302842137,0.0,127.46323244696954,68625.5261509001,23146.4288072495,5846.959328644546,3.1502242310318853,3.263684429143698,0.04753557071549764,379.312064826353,1.0,0.9888623707239459,0.018607303525038546,1.0,0.7823726952077217,1.5691211991295815,-0.3835544168273445,-0.6342761257721984,-1.0036150551037866
452,"Rapid City-Spearfish, SD",0.0,0.0,0.8109469074986316,0.0,0.0,9.74504652435687,0.0,0.0,60.82101806239737,245507.09578544062,89003.87958401749,6284.6195949644225,3.96343732895457,3.4146688560481664,0.0,95.20580186097428,1.0,0.7693486590038314,0.0,0.7693486590038314,0.7693486590038314,-0.4474630922923858,-0.1219076810475917,0.0014110781063860296,-1.0965926956636423
454,"Redding-Red Bluff, CA",0.08425033799394178,0.0,1.0,0.8409118135300259,0.0,18.566631868978146,0.08098163708863143,0.15494669108209402,65.53420156418463,13421.614840928927,7109.560385398661,5368.935361867438,5.817123885475673,3.801704516283607,0.10463265620454196,46.20722879194975,1.0,0.8111170058015162,0.6859651224479318,0.8920986428901477,0.845053308917906,0.9331616597939539,-0.7576436929016946,0.027180683942738277,-0.24370082654219322
456,"Reno-Carson City-Fernley, NV",0.2670204131951222,0.0,0.991971357831907,0.5987733590852587,0.0,9.594925980336761,0.7693884260162935,0.044437481379508724,34.78194762633682,45716.12344486794,23519.733360068567,4810.481923997576,5.410256937096128,1.853470859573244,0.1261775855515261,133.27263994904405,1.0,1.0,0.0,1.0,0.0,0.600579246908061,-1.003180153805271,0.03323473050759953,-1.4568396740514353
458,"Richmond-Connersville, IN",0.7267533983821199,0.0,1.0,0.0,0.0,25.44779417896756,0.0,0.0,29.070135935284796,15988.574764406638,10901.3009757318,5814.0271870569595,3.2732466016178803,2.8197398048536404,0.7267533983821199,21.98857476440664,1.0,0.7267533983821199,0.0,1.0,1.0,0.6053332481867867,-1.1886513940624228,0.35534466229353734,-3.12297112938704
462,"Rochester-Austin, MN",0.3309811653608675,0.6351891246821979,1.0,0.0,0.0,13.350697867483007,0.0,0.0,48.761376018263896,22484.30446738961,12523.63409951746,6415.8148705442845,5.3634099517459655,2.689046853110569,0.603538629170342,140.1621958179837,1.0,0.39646137082965804,0.13765371244746535,1.0,0.12359259067088674,-0.07057785955661094,-1.094672586792263,-0.536521933148344,-5.854179378730526
466,"Rockford-Freeport-Rochelle, IL",0.08492562673264376,0.0,0.9893507616180285,0.0,0.0,15.235147703222344,0.1350567860017289,0.0033684085015053505,69.2462142665514,20969.3567979253,13615.446078139128,7791.148910483799,5.272036247652547,3.1951888395385577,0.6085119384743792,126.39282201091007,1.0,0.8567159507556562,0.04283542492622291,0.42998628789459564,0.7923361254359556,-0.4448694479410389,-0.5198339356690903,0.13002174998739077,0.005075150403156275
468,"Rocky Mount-Wilson-Roanoke Rapids, NC",0.9639266034198716,0.9639266034198716,0.9902857467477134,0.7432823950462989,0.0,21.754672499005853,0.0024143611884337897,0.0,89.90243140373799,19232.659205817192,10734.9476415005,6245.043458501392,5.515082656365392,3.1394080554450947,0.0,235.71578708174744,1.0,0.8178435493949895,0.0,1.0,0.7432823950462989,1.6062417087539809,-1.1873747086060051,-0.6865812107589861,-5.134918446930874
472,"Sacramento-Roseville, CA",0.4216911483757453,0.09189168031938985,0.9992768250382555,0.8056560482961588,0.004724867340263139,22.882890388669264,0.09189168031938985,0.00903782316881103,62.87219187248263,129179.1089664376,40949.72852860648,4403.086354173073,5.610680250427288,2.4946647208041406,0.3064248876562608,221.75343834281102,1.0,0.8406759822039316,0.01547743526372588,0.8571468511135589,0.622860529744298,1.2611846772024338,-0.5839872691831287,0.29847151067756045,1.2973493612232732
474,"Saginaw-Midland-Bay City, MI",0.00011890323654609879,0.05198449501795439,0.9615466933009916,0.0,0.0,14.226605788209556,0.0,0.05198449501795439,46.16858100877506,6491.629687760101,5270.813298137975,4915.519250433997,4.967491855128297,3.254476706855961,0.00011890323654609879,168.34627000546953,1.0,0.9615466933009916,0.8691826591519821,0.9594064350431619,0.8924163515730898,-0.19144368246698412,-1.4141067915065648,-0.47924355589090933,-5.936302492626708
476,"St. Louis-St. Charles-Farmington, MO-IL",0.01218709116611497,0.10323467174754809,0.9283525476113126,0.01601531288688307,0.0,13.767769182815147,0.10192640331545073,0.031038449043383588,75.29732375692548,33288.992984520286,16640.714104463288,8214.56032522324,4.560211079014145,3.509790062428111,0.30342169267106267,174.607185818019,1.0,0.6472592215363813,0.1452660877505685,0.8675400163314045,0.13661746757864976,-0.6384921072321934,-0.6443607348589702,-0.5300803475895824,-2.5640000913659557
480,"Salisbury-Cambridge, MD-DE",0.3607929690606856,0.2994909727193192,0.40292690686391475,0.06130199634136642,0.0,30.990694345025055,0.6392070309393144,0.0,43.033305495903925,8507.317267159788,6415.286630837812,5183.9059890241,3.5484967788117396,4.346735067207508,0.3607929690606856,277.81635250139186,1.0,1.0,0.10343593414459556,1.0,0.34162491052254834,0.5431855462617562,-1.4966799014928194,-0.4717534316161087,-0.27588536162563115
482,"Salt Lake City-Provo-Orem, UT",0.9579111638389892,0.13437390318117343,0.6580129776328728,0.4994503215401439,0.02136929400400874,37.97923404699678,0.316536474574108,0.07294334686016123,72.31860465790855,33257.9859897258,14104.40217349552,5785.0510664342255,4.335794075075345,3.4095032008980497,0.22820213083797683,244.40819209449248,0.9951210597916733,0.9686842815165905,0.09851282244660577,0.9961014889179601,0.8518014660026048,1.9247746207470129,-1.3818998859134668,0.16447592047959625,1.3044007350478604
484,"San Antonio-New Braunfels-Pearsall, TX",0.9329415850447531,0.0,0.9808175243482123,0.8196966279853282,0.0,67.27520432574235,0.015438406183110731,0.0,11.98237132701389,10752.901169572033,3389.6861188785874,1160.7341849039008,3.866532086786036,3.665219863769002,0.8782637811780951,139.72989430544467,0.9956623585423864,0.9627779169082232,0.8330928144582515,0.9944433913576471,0.9368835118430756,3.5325246323883164,-1.9351471060250234,0.3516615443221967,2.943822903720179
488,"San Jose-San Francisco-Oakland, CA",0.4698713210375141,0.026161333391308352,0.8185958493297492,0.7023554056162447,0.2919136999230126,14.37574461663593,0.0860753172213938,0.02452087484301985,53.0404020865891,82616.34792875723,23034.54239048141,4717.202861514734,4.06954732168206,3.0446504617965946,0.23984137012018733,234.55398134909572,0.9794950674343241,0.8339319467073174,0.1756323326674732,0.6421869285091298,0.6736261199622481,1.0147719851255121,-0.3715238513951387,1.0715231960058733,1.1109004014941393
496,"Savannah-Hinesville-Statesboro, GA",0.3446512261050503,0.0,0.8167162553721098,0.0,0.0,15.653170760165684,0.2997685860412656,0.0,82.34739318981778,33394.4246737841,17268.224529879626,7227.337183750462,3.6890107539427883,4.916165917974447,0.4413589249946522,90.53608307566653,1.0,0.7103241740077397,0.10460299865818797,0.9871069365847966,0.3204986095715925,-0.13561595386987896,-0.5926176739629465,-0.6922501010833643,-0.9614906141955306
497,"Scottsboro-Fort Payne, AL",0.0,0.0,1.0,0.0,0.0,17.0,0.0,1.0,50.0,15000.0,10833.333333333328,7000.0,3.0,3.0,0.0,75.0,1.0,1.0,0.0,1.0,0.0,0.02991163835324906,-1.045189872438651,-0.3339905271358542,-3.084747762037448
500,"Seattle-Tacoma, WA",0.6235593163315779,0.13065992456655115,0.9624930117760074,0.5965155158257772,0.037526315450399535,24.76741186247891,0.4613587899151964,0.411981305561302,38.044041738219164,43151.38600622909,13270.070951188936,4181.085337578642,4.638130613396059,3.0310939281728686,0.2887015181894254,192.77587504017558,0.9944129999219753,0.9613226408435833,0.28946315407450146,0.9830772237226671,0.413785895849156,1.7228923308794528,-0.8968312451375546,-0.2054827259581554,0.21229609047666115
508,"Shreveport-Bossier City-Minden, LA",0.935279897317175,0.0,1.0,0.7076216799351145,0.0,24.40177017630893,0.2167206066476105,0.0,38.24226532171065,41216.0520658619,12608.110592817786,4906.360980526486,2.5886229949682265,3.3068121864984685,0.01833959352090273,785.0133314434654,1.0,0.9317442693691779,0.7185592906695645,1.0,0.924342286582725,2.1040685194276256,-1.71985964062239,0.08671761303161273,-1.0718250480737852
515,"South Bend-Elkhart-Mishawaka, IN-MI",0.07279447930484552,0.0,0.9741850863726469,0.0,0.0,17.781989179199023,0.07279447930484552,0.03435529787012058,87.97840311209814,8435.549163101963,6975.53396032373,5580.646267121756,5.693544781124707,4.149166082899855,0.20493941245733535,214.05160001788562,0.9965570178707168,0.961471390458021,0.0,0.950367400473969,0.9011819414842085,0.03981861743035278,-1.0948364469785496,-0.46661604309084914,-0.14493471017986562
517,"Spencer-Spirit Lake, IA",0.0,0.0,1.0,0.0,0.0,15.0,0.0,0.0,75.0,6000.0,5250.0,5000.0,4.0,2.0,0.0,115.0,1.0,0.0,0.0,1.0,1.0,-0.8099153169480083,-0.9047418855403137,0.7492180630900392,-3.0118440702702705
518,"Spokane-Spokane Valley-Coeur dAlene, WA-ID",0.9061718380315014,0.0,0.9842984704067649,0.007497403563110316,0.0,18.581091794030346,0.7308063396077997,0.000337997701615629,221.13650190815065,282315.9909785341,62115.97760679873,2693.680524572433,5.342508434579009,3.0426983278331887,0.025374409272198768,157.2175783386491,1.0,0.9862527116633789,0.021226255661461503,0.9465779269064607,0.16887594255268154,1.0391134208821624,0.15222967858100572,-1.5484271785961345,-0.08712908387145059
522,"Springfield-Jacksonville-Lincoln, IL",0.0,0.0,0.9345837688871995,0.0,0.0,14.693813551268649,0.020098831131806518,0.0,51.396583673857265,16831.28694288701,9831.374304245124,6120.217856124679,4.3246222560106435,3.774600874275397,0.021132281668725647,151.9031051031075,0.9864225981184073,0.8073980803953246,0.0,0.8933407773448636,0.6996103772688397,-0.652977886264846,-1.248340001916555,-0.10109524875372775,-2.9326759185547515
524,"State College-DuBois, PA",0.0,0.0,0.0,0.0,0.0,7.0,1.0,0.0,100.0,6500.0,5250.0,4000.0,3.0,4.0,0.0,136.0,1.0,1.0,0.0,1.0,0.0,-1.390115533589074,-0.6661048287464447,-0.03399970363666478,-1.690175202247254
525,"Steamboat Springs-Craig, CO",1.0,0.1574642126789366,1.0,1.0,0.1574642126789366,12.10838445807771,0.0,0.0,62.10633946830266,7288.3435582822085,6191.411042944786,5668.711656441717,7.529652351738242,2.0920245398773005,1.0,53.72597137014315,1.0,1.0,0.0,1.0,0.9079754601226994,1.7902120487893844,-0.6606623425977327,1.1485711298187544,-0.18641352222074672
534,"Toledo-Findlay-Tiffin, OH",0.09794953972839882,0.031686804767641796,0.9449740524565364,0.0,0.0,12.037695093945313,0.042260769887593135,0.002464139364236448,44.726156917330464,13262.0511230939,8274.72627759926,5848.7523344991205,3.530823186303752,4.098861895125917,0.5606774823669775,236.6120072208641,0.9961400348566549,0.8434959587334636,0.09547760245478187,0.9569633381290475,0.5998502801398945,-0.36926445654695894,-1.1337630399075906,-0.1514054251519843,-2.6701794187025274
536,"Tucson-Nogales, AZ",0.7399855585737373,0.0,0.0,0.0,0.0,12.579754495753534,0.0,0.0,129.49747275040403,133197.4005432727,28603.287937177156,2219.956675721212,2.2199566757212117,2.0,0.7399855585737373,619.6344256094626,0.7399855585737373,0.7399855585737373,0.7399855585737373,0.7399855585737373,0.0,0.11489550654623511,0.9129247874437384,0.27191684320088383,1.1336897494186655
538,"Tulsa-Muskogee-Bartlesville, OK",0.7891404322642926,0.0,0.34092432693339053,0.0,0.0,11.84962257320605,0.05745200042904645,0.05804193928992814,138.1068828435053,35291.43301512389,13434.643533912547,4247.949962458436,5.883765284779577,3.3453723318674244,0.704728896278022,147.50501112839214,1.0,0.9419580607100718,0.0,1.0,0.2967861739783332,-0.394867073808993,-0.22111878212620786,-0.16121997489153456,-1.3303598760894573
539,"Tupelo-Corinth, MS",1.0,0.0,1.0,0.0,0.0,13.0,1.0,0.0,50.0,14374.0,6593.5,3000.0,3.0,3.0,0.0,480.0,1.0,1.0,0.0,1.0,0.0,0.7193853586521002,-1.253760528058461,-0.7984900456652262,-3.333222457424899
540,"Tyler-Jacksonville, TX",0.0,0.0,1.0,0.0,0.0,9.0,0.0,0.0,50.0,43560.0,16945.71428571429,3000.0,6.0,1.0,0.0,255.0,1.0,1.0,0.0,1.0,0.0,-1.211069177272482,-1.4634861222775573,0.01599598043605728,-7.035790169736045
544,"Victoria-Port Lavaca, TX",0.0,0.0,0.9899275059249966,0.0,0.0,1.0503624703750174,0.0,0.0,34.899275059249966,43187.72061898787,17739.98420000929,4026.188484595009,4.0,2.9899275059249963,0.0,243.8416631813746,1.0,0.0,0.0,0.9899275059249966,0.0,-1.4355408631674094,-1.110050594668289,0.1388268757799023,-5.845170929036132
545,"Virginia Beach-Norfolk, VA-NC",0.3119944581031866,0.14281593038084003,0.9136945121256556,0.6187704192070089,0.07296340804604037,23.626710252141606,0.0835345394676398,0.6129087975774414,76.78525149848039,42058.52775909654,18977.884980353636,6783.1988651606525,3.572906445578794,2.8554402831218373,0.16897089034173807,218.88893053886494,1.0,1.0,0.07931380439456247,0.9975304014200191,0.755039340852379,1.5759546600862637,-0.8211240646082684,0.266222180508627,0.41266110065364714
548,"Washington-Baltimore-Arlington, DC-MD-VA-WV-PA",0.21346516880240776,0.034464536291338825,0.9800718363471104,0.251414206946565,0.0,26.73637784162508,0.09329619566542928,0.026924809230434027,54.34997699220662,20605.706892094262,10044.347099682398,5545.368360463018,4.187719204109208,2.605280573129824,0.09116289355115129,333.33165205712436,0.9960439603322878,0.9662671603179791,0.6011375443286195,0.9978260480740933,0.7759886440686233,0.7358881704819918,-1.59894494677393,-0.05885319615916773,-3.1304804450738826
554,"Wausau-Stevens Point-Wisconsin Rapids, WI",0.6156111441995897,0.0,0.9876579974852756,0.0,0.0,28.40556548209913,0.021242803255906294,0.0,63.94712461121038,14112.335384819005,8257.920058235723,4934.6105486069755,5.570676990271988,2.149956984977831,0.8532195089669777,204.17063728409767,1.0,0.8836278207928,0.0,0.9876579974852756,0.03666203427966382,0.4154263740987773,-1.3712864823766013,0.08026159272991618,-2.142232697690893
556,"Wichita-Winfield, KS",0.58844287604764,0.0,0.9456881340979267,0.0,0.0,16.481693868548742,0.0,0.0,106.44436479929422,32344.97132774592,16129.73184090575,5574.2225408028235,4.7468570798412,2.41155712395236,0.0,284.7626819585355,1.0,0.8462174680194089,0.0,0.8462174680194089,0.20346272606969562,-0.31050946165470933,-0.9319732799238717,-0.3952399352578261,-4.033677599332198
558,"Williamsport-Lock Haven, PA",0.07690110674759015,0.0,1.0,0.0,0.0,16.61549446626205,0.07690110674759015,0.0,146.1549446626205,24461.69225276687,10901.4409139593,6461.406640485541,4.07690110674759,3.0,0.0,103.84219921456622,1.0,0.9230988932524099,0.9230988932524099,1.0,0.07690110674759015,-0.07454952024002616,-0.9411683940587705,-0.7911499080338993,-6.245213317280022
566,"Youngstown-Warren, OH-PA",0.03775448089279675,0.0,0.5870679742982753,0.0,0.0,10.275441325667906,0.02042610754142712,0.0003246533648968549,63.79053094352384,9933.322015556307,7923.780172955215,6180.1803178897535,4.047548190733852,3.7868650659452148,0.11427798444369293,184.7670206290159,0.9355292526208996,0.6126750084545147,0.1903686168413933,0.8898748731822793,0.34735204599256003,-1.0996968211404765,-0.612025965047076,0.032908071581713334,-2.378347195479366
